,x
6743,PRCal3
7501,PRCal4
10536,PRCal5
11135,PRCal7
11731,PRCal6
12115,PRCal1
13459,PRCpl1
14162,PRCpl2
15519,PRCpr2
16668,PRCpr1
16719,MS1
19515,PRCpr3
22159,IN1al
22876,PRCpr4
23921,PRCar1
24659,PRCar2
24849,PRCar3
25010,PRCar4
26163,PRCar5
27064,PRCar6
27917,PRCar7
32142,IN1pl
32460,INtonl1
34044,IN1ar
34371,INipsidesc_sg1l
35154,INvc_r2
37580,IN1pr
40141,INintr4
41848,INpear_l2
44863,SN_DLSO1.1_1l_NP_l
45548,INpreMN3l
48718,INintr5
54090,INsn_r1
54909,INdecuss_l 54909
54919,INhead_r; INintr6
55057,INATO_pygl
55225,INcommascL_FMRFa_sg2r
55238,INintl4
55935,INtonl2
56100,INantlercurve 56101
57341,eyespot_PRCr_R3
57508,IN 57509
57553,INsn_l2
58694,PRCpl3
58877,PRCpl4
58968,PRCpl5
59671,PRCpr5
60061,MC
64258,MS4
67795,INR1_l2
68613,INtonr1
71248,INtonr2
71800,INsplit_sg1 r 1316197
73027,INvc_l5 73028 
73059,INintl5
73954,INdc_l1
74477,INsnl_l
77507,SNhookl
77552,SNaant_3l
77730,SNaant_1l
81251,SN_IRP2-burs
84457,crescentcell
85530,cMNPDF-vcl1
85723,IN_FMRFa-_right5_withSoma
92619,INpro_l1
101233,prototroch_4clock_A
106879,INdesc_l 106879
108173,INproT2_r1; INpro_r4
108826,MNl1
110892,INipsiasc_sg1l 110893
111231,INdecuss_r 111232
111828,IN PDF-left1 target 111829
111948,INdecussPDF_r 111949
113999,Ser-h1l
115486,MS3l
117385,INCrossbow__l
118101,MS3r
119436,INCrossbow_r
120363,INcommFMRFa_sg1l
135113,MNVNC_1A_sg2l
137882,MUSlong_D_sg0r_7
139142,MS5l
139303,doCRunp
139543,MS5r
140828,MNr1
143674,prototroch_3clock_A
144261,cioMNcover_l1
147361,INcomm_sg1l 147361
151847,PRCal2
153151,hCR2r
154304,INsplit_sg1r 154304
156947,hCirrusPUc1r
159489,SN antenna_right11
160141,antPUc1r
161743,INrope_r1
162347,closetoMC
167009,akrotroch_l3
167671,eyespot_PRCl_R3
168075,akrotroch_l4
169574,IN 169575
170458,flat glia 170458
171166,akrotroch_r2
172769,INsplitPBant_sg1l
174199,hPUc1l
174256,prototroch_10clock_A
174545,prototroch_12clock_A
175367,prototroch_12clock_P
177343,hPUc1r
180202,prototroch_10clock_P
180953,prototroch_11clock
181663,hPUc3l
183077,hPUc2l
183731,prototroch_9clock_A
184848,prototroch_8clock_P
184928,prototroch_8clock_A
185521,INipsidesc_sg1 185521
185562,hPUc3r
186240,prototroch_7clock_A
188036,prototroch_9clock_P
188153,prototroch_7clock_P
189615,hPUc2r
190983,INpreMN3r
192051,antPUc4r
192132,antenna_right13;SN
192214,antCR5r
192257,antPUc7r
192323,antPUc6r
192436,antCR4r
192595,antPUc8r
192812,antPUc3r
193047,antPUc9r
193819,antCR3r
198277,prototroch_6clock_P
198864,prototroch_6clock_A
201048,covercell6clock_ant
202807,prototroch_5clock_P
203433,prototroch_5clock_A
204577,prototroch_4clock_P
206767,prototroch_2clock_P
207330,prototroch_2clock_A
208456,prototroch_1clock_A
209643,pnb 209644
212664,prototroch_1clock_P
219569,covercell12clock_post
223220,INhead_l 223221
227221,INbiped_sg1r
228289,cioMNcover_r
237911,MC2biax-1
241978,cPRCr1
246584,INRGWa-dcr1
247535,SN_NS20l
247790,INcommasc_sg2r 247790
248696,SN_NS19l
250842,SN_ASTC1r
251790,INRGWa-dcl1
252137,cPRCr2
252608,cPRCl1
252853,cPRCl2
252984,INdesc_l 252984
257885,IN_NOSdr
259763,INipsiasc_sg1r 259764
261398,MC3cover_l
265148,SN_NS20r
269876,SNbicil_r
273055,covercell4clock_ant
273576,SN_NS19r
275699,SN_DLSO3_3l
276547,SNr with bubble 2
277200,SN_MIP1l
280016,INPDF_sg2r
284315,Ser-h1r
289898,SN_MIP4l
290858,SN_NS3r
295849,SN47Ach
296186,INdesc_l 296187
298685,SN_DLSO3_5l2
300466,SN_DLSO3_5l1
300976,SN_WLD1l
306267,nuchal_dr1; cc_dr_1
306623,SNhead_r 306623
307194,SN_NS6
308269,SN_NS22r
309165,SNadNS22_r
313716,IN_NOSvr
316821,SN_MIP4r
318576,SN_NS5r
320687,SNhead20_l
324793,dsoCR2r
328632,INintr1
331495,INhead_r  331495
335229,INdesc_r 335229
338442,SNcsv_mn_postyn
344239,MNl3
346796,SN_LSO_r; INintr2
347709,INvc_r1 347710
355224,INpreMN2l
357455,IN_vc_r8 357456-RRT with soma
359142,MNr2
359612,INvc_r3 359613
359783,covercell9clock_post
361741,INdesc_l 1291724
364674,INmus_r
366190,INpro_r1
366449,INsn_r2
369396,INFVa_pygr1
370662,INsn_l3
370978,pygPBunp
380842,INsn_r3; sn_like
385141,INproT2_l2; INpro_l2 
386260,IN 386261
386671,INrope_l1
387680,INintl1
390240,SNstiff_sg0r1
392410,INhead_r; INintr3
393182,INdesc_r 393182
397532,prototroch_3clock_P
399192,SN_DLSOr6
399224,SN_DLSOr7
399266,SN_DLSOr2
401601,IN cPRC_postsyn_IN3
409861,INdc_l2
411531,INsn_l4
414949,INdc_r1
422125,INsplitPB_RF/Ya_sg1l
423355,MNperif_luqin_sg2l
423498,SN_NS1l
429993,SN_DLSO2l
430600,SN_DLSO2_1l
431489,SN_DLSOr10
433286,MUSpx
436248,SN_ASTC1l
441817,SN_LHSO2golden_l
442961,SN_WLD1r
445419,INipsiascMIP_pyg
445828,INsplitPB_sg2l2
449841,sensory25;SN
452157,SN_NS22l
452180,SN_NS16r
454054,SN_DLSO1.2_5l_DLSOl10
463126,SN28l
463617,SNblunt_l
469848,INr 469849
476224,SN_DLSO1.3_PDF_4r
478001,INipsiasc_sg3r 478001
482732,SN_DLSOl1
485566,SN_NS15l
486036,SN_DLSO1.2_2l_DLSOl8
486654,SN_NS29r
488162,SNaant_2l; SN_38
493121,INsplitPU_sg2r  493122
493278,SN_MIP1r
493317,INhead_l 493318-T
493786,INpro_r2; INvc_r7
497208,SNr 497209
498302,INpro_l2; INvc_l2
499451,INpro_l3
503432,INvc_l3 503433
505193,luqin47-postsynaptic_left
505209,INipsiasc_sg2l 505209
508114,SN_DLSO1.2_4lPDF-dcl2
515762,INW_r2; INvc_r5
518390,EC_V_glila_sg1_1 518391
518599,paratroch_I_vl_2
518764,MUSlong_V_sg2l_7
519721,MUSlong_V_sg2l_11
519936,MUSlong_V_sg2l_8
520593,MUSlong_V_sg1l_8
520755,MUSlong_V_sg1l_6
521359,EC_V_sg1l_3 521360
523862,SN_DLSO1.2_1l
523874,IN 523875
525800,INsplitPB_sg3l2
528241,IN FVa-right4_sigold
531949,SNnuchNS_r2
532764,SN_IRP2-FMRF
537119,INhead_l 537119
537125,SN_NS5l
541367,SN_DLSO1.2_2r_DLSOr9
542612,akrotroch_r1
550345,SN_DLSOl5
555130,EC_V_sg2l_4 555131
556262,EC_V_7 5l56263
556399,MUSlong_V_sg0l_6
556693,paratroch_I_vl_1
556718,INdecuss_r 1363308
557195,MUSlong_V_sg1l_4
557403,MUSlong_V_sg1l_5
557901,MNring_sg1r7
557944,INproT3_r1; INpro_r3
564048,flat glia 564048
565079,INipsiasc_sg3l 565080
568273,MUSlong_D_sg0r_4
568290,MUSlong_D_sg1r_12
568702,MUSlong_D_sg0r_2
568710,MUSlong_D_sg0r_3
573635,MUSlong_D_sg0r_5
575119,MUSlong_D_sg2r_8
575319,paratroch_II_dr_1
575448,MUSlong_D_sg2r_9
575787,paratroch_II_dr_2
575853,MUSlong_D_sg2r_7
577483,INbackcross3_r
577621,paratroch_III_dr_3; telotroch_dr_3
578783,paratroch_III_dr_2; telotroch_dr_2
579173,VNCperif_sg2r
579543,EC_D_sg3r_1 579544
579755,MNring_sg3l1
579865,EC_D_sg3r_2 579866
580213,MUSlong_D_sg3r_6
582306,MUSlong_D_sg3r_5
583190,MUSlong_D_sg0r_1
584184,IN 584185
585558,luqin4-postsynaptic5
587391,MUSlong_V_sg1r_10
587962,MUSlong_V_sg1r_9
588869,SN_NS16l
590953,INsn_r4
592728,MUSlong_V_sg1r_8
593488,MUSlong_V_sg0r_4
593849,MUSlong_V_sg1r_12
594344,MUSlong_V_sg2r_7
600071,MUSlong_V_sg2r_6
604671,MUSlong_V_sg1r_11
607961,paratroch_I_vr_2
608173,paratroch_I_vr_1
608460,ventralParaPB2_sg1r
608926,EC_V_sg1r_1 608927
609098,EC_V_sg1r_2 609099
612991,SN_DLSOr5
615803,SN_DLSO1.2_5r_DLSOr8
628517,INbiaxHmid_sg2r
629210,SN_NS18r
633874,SN_DLSO3_PDFrPDF-dcr2
637265,INarc2r
649899,INhead_l 649900
653848,INdinofl_vnc_r5 653848
656354,MNdecuss_l 656355
657898,luq47_left-FVa_middle_right-postsyn1
660463,SNhead_l; INintl2
668812,SNpygM_l
669558,SN 669559
671957,INdc_r3
672228,SN_DLSO3_1r
672986,IN 672987
673344,SNadNS22_l
689547,INcommasc_sg2l 1307803
693303,SNhead_r 693304
707997,INsplit_sg3l 707998
708069,INleg_sg2r
708202,INsplitCRATO_sg3l
708228,INsplitPB_sg2l4
709878,akrotroch_r3
715837,MNbiramous_sg1r1
738760,antPUc1l
744953,dsoNPB1unp
746037,covercell8clock
751490,covercell9clock_and
756864,INvc_l7 756865
758789,SN 758790
758871,INipsidesc_sg2r 758872
759694,INsplitCR_sg1r2 
762387,INbush 762388
764615,INipsiasc_sg2l 764616
766165,eyespot_PRCl_R1
766682,INangle_r 766683
768031,covercell12clock_ant
768500,INvc_l8
768964,glia 768965
770519,INhead_l 770520
770802,eyespot_PRCr_R1
771631,eyespot_PRCr_new1;SN
772993,eyespot_PRCl_new1; SN
774105,INarc1r
774258,covercell1clock
776455,INcross_l1; INvc_l1
780577,SN_DLSO1.1_1r_NP_r
780915,INdecuss_l 780916
783257,flat glia 783258
786570,INhead_r 786571
796391,dsoCR1r; PDF
796862,SN_DLSO1.2__DLSOr11
798041,INbiax_r
800116,ciliatedGland_l12
801132,INbiax_l
802066,INcommasc_sg1l 802067
802199,IN with trunk soma 802200
804282,MUSob-ant_m-pp_sg1r_1
805976,IN 805977 immature
812240,IN 812241
813171,IN 813172 peptiderg
813772,IN 813773
814651,IN 814652
824903,INmeta_sg0r
826263,EC_D_sg3r 826264
826675,MNl2
827510,INcomm-Upcross_sg1l1
837128,SN_DLSO2_necklace-l
837942,SNnuchPDF_l1
839186,SN 839187
844338,EC_V_sg1l 844339
854174,INZ_r1
854770,IN_closetoMC3
857325,INpear_r2
888787,MUSchae_notAac_sg1r_3
893804,IN 893805
896817,IN 896818 
897643,INdesc_r 897644
907055,MNacic_sg3r
907144,MNpostacic_sg3l1
908068,INcomm-Upcross_sg1r1; INcomm-Uparc_sg1r  
909450,MUSchae_notAac_sg3r_2
923710,INproT2_r2; INpro_r2
932125,MNring_sg1r6
932287,INipsidesc_sg1l1 932288
932505,INsplitPB_sg2l3
936192,paratroch_III_dl_2; telotroch_dl_2
939008,MUSlong_D_sg3l_7
940016,paratroch_II_dl_2
941766,MUSlong_D_sg2l_9
942028,MUSlong_D_sg0l_9
942233,MUSlong_D_sg0l_7
942898,MUSlong_D_sg0l_8
943145,MUSlong_D_sg1l_12
943540,MUSlong_D_sg0l_6
944377,MUSlong_D_sg0l_4
944941,paratroch_I_dl_1
945180,INcommasc_sg2r2
945427,MUSlong_D_sg1l_13
945717,EC_D_sg0l_1 945718
954295,INsplitATO_sg1r
954910,MNwave_sg3r1
955019,VNCATO_sg1l
955074,MNspiderATO-ant_sg2r1
955370,INcommasc_RYa_sg2l
957270,IN 957271
958099,INcomm_sg2r 958100
961337,INcomm_sg2l 961337
961644,MNVNC_sg2r
962326,INvnc_r3 962327
962948,INsplit_sg2r luqin-postsynaptic5
979532,EC_V_sg1l_8 979533
979707,MUSob-post_neuDlong_sg1l_4
980321,INvnc_sg3l 980322
980357,INvnc_l5 980358
981467,INsqNSasym_r
982115,MNheadV_l2
982688,SNaant_3r
983759,SNaant_1r
984413,SNaant_2r
987008,INsplitPB_RF/Ya_sg1r
988822,MNheadV_r1
992087,paratroch_III_vl_3; telotroch_vl_3
992096,paratroch_III_vl_2; telotroch_vl_2
992125,paratroch_III_vr_2; telotroch_vr_2
992139,paratroch_III_vr_1; telotroch_vr_1
992309,paratroch_III_dr_1; telotroch_dr_1
992318,paratroch_III_dl_1; telotroch_dl_1
992337,paratroch_II_vl_4
992344,paratroch_II_vl_3
992355,paratroch_II_vl_2
992365,paratroch_II_vl_1
992374,paratroch_II_vr_4
992383,paratroch_II_vr_3
992401,paratroch_II_vr_1
992419,paratroch_II_dr_3
992429,paratroch_II_dl_3
992438,paratroch_I_dr_2
992446,paratroch_I_dr_1
992455,paratroch_I_dl_2
1000272,INipsidesc_sg1r 1000273
1003081,antCR3l; SN
1016172,MNax_sg1l
1016678,INhead_r 149323
1018303,INcommasc_sg1r 1018304
1018325,INcommdesc_sg1l 1018326
1023901,pnb 1234567
1024095,IN 1024096
1026501,MNring_sg3r1
1026962,MNcrab_sg3r1
1027911,MUSlong_V_sg2l_3
1027917,MUSlong_V_sg3l_3
1027923,MUSlong_V_sg2l_4
1027959,MUSlong_V_sg3l_6
1027978,MUSac_neuPV_sg2l_3
1028383,MUSlong_V_sg2r_5
1028395,MUSlong_V_sg3r_6
1028401,MUSlong_V_sg3r_7
1028407,MUSac_neuAV_sg3r_1
1028616,MUSac_neuPV_sg2l_2
1028750,MUSac_neuPV_sg2l_1
1029097,MUSchae_neuAVt_sg2l_1
1029530,MUSchae_neuVob_sg2l_2
1031618,MUSlong_V_sg2r_8
1032061,MUSac_neuPV_sg2r_1
1033010,MUSac_neuPV_sg2r_3
1035809,MNVNC_sg3l 10335809
1046988,VNC neuron 1046989
1048573,VNC 1048574
1050287,IN 1050288
1051076,MUSac_neuPV_sg2r_2
1051916,MUSac_neuPV_sg3r_1
1051922,MUSac_neuPV_sg3r_2
1051929,MUSac_neuAV_sg3r_2
1052127,MNperif_sg3r 1052127
1053949,RGWa_incomplete-sigold
1054945,INpreMN1l
1057387,MUSlong_V_sg2l_9
1064990,INfoot_r1
1065030,INcommascFV_sg2r
1065083,INr 1065084
1065166,SNbicil_l
1065178,SNnuch_l12 ant 
1068584,SNnuch_r1 
1069423,SNnuch_l6 
1070612,SNnuch_r8 ant 
1072496,SNantlerPDF_r
1073332,SNl 1073333
1074256,SNnuch_l13 ant 
1075718,SNPDF-dcl1_DLSO1.1_4l
1075760,SNnuch_r13 
1076839,akrotroch_l1
1077241,SNnuch_l2 
1077291,SNPDF-dcl3
1077309,SNPDF-dcr1_DLSO1.1_4r
1082470,INipsiasc_sg1l 1082471
1086656,IN 1086657-Reza
1089948,SN_DLSOl2
1090653,SN_DLSOl 1090654
1092264,SN_DLSO1.0_1l
1092863,SN_DLSOl4
1101784,SNnuch_l7 
1103961,SNnuch_r2
1103977,SNnuch_r14
1104824,IN 1104825
1108355,SNnuchNS_l1
1108642,SNnuch_l8 
1111918,pnb 1111919
1113404,SNnuch_l9
1113608,metatroch_vr_3
1114055,metatroch_vr_2
1115832,IN 1115833
1116504,SN28r
1117148,SN_HSG3_1r
1118465,SNnuch_l14 fork 
1120455,SN_DLSOl8
1122238,SN 1122239
1123072,SN_DLSO1.1_3r_116r
1123964,SN_DLSOr 1123965
1125044,SNnuch_l3
1126354,SNnuch_l11
1129677,IN MIP 1129678
1130041,SN_DSO17
1130360,SN_DSO10
1130583,SN_DSO12
1130883,IN 1130884
1135395,MNpostv_sg3r
1136703,MUSac_neuAV_sg1r_1
1137108,MUSac_neuPV_sg1r_1
1137595,MUSac_neuPV_sg1r_2
1145279,MUSac_neuAV_sg1r_2
1150049,ciliatedGland_r1
1155295,SN 1155296
1155695,SN_DLSO1.4_1l
1156145,SN_DLSOl6
1156418,SN_DLSO1.3_4l_DLSOl11
1156554,SN_NS18l
1157465,INhead_l 1157465
1158821,SN_DLSO3_5r2
1159301,SN_DLSO3_5r1
1160175,IN 1160176
1160628,SN_DLSO3_3r
1160991,SN 1161035
1161034,SN_DLSO1.1_3l_116l
1161044,SN_DLSO1.1_2l
1163030,SN_DLSO1.3_2l
1166300,MC3cover_r
1166368,INsplit_sg3r 1166369
1166446,pygCirrusPU2r post-r 1166447
1172582,INcommasc_sg3r 1172583
1173303,INcommasc_sg1r 1173304
1173400,VNC IN 1173401
1178653,INipsiasc-short_sg3r 1178654
1178663,VentralpygCR2r
1181940,MNspider-ant_sg3r1
1184318,SNhead_r 1184319
1185115,INlasso_r4
1185175,INvc_l6 1185176
1203965,metatroch_vr_1
1204176,SNstiff_sg0r2
1204373,metatroch_vr_4
1204562,akrotroch_l2
1204576,metatroch_vl_1
1204589,metatroch_vl_2
1204752,MUSll_sg0r_4
1209682,SNr 1209683
1209687,SNr 1209688
1209702,SNr 1209703
1211899,SNnuchBx_l
1212800,SNMIP-vcr
1214973,SNnuch_l4
1215017,INbigloop_r2
1216549,MNacicX_sg3lr
1224072,SN_DSO13
1224344,metatroch_vl_4
1224471,ciliatedGland_l2
1224630,INZ_l4
1230301,MUSac_neuAV_sg2r_1
1231018,MUSac_neuAV_sg2r_3
1238488,MUSlong_V_sg1l_7
1238904,MUSac_neure_sg1r_1
1239327,MNcrab_sg3l1
1241266,MNring_sg3r2
1243776,MNipsi_sg2l 1243777
1244182,MNring_sg3r3
1249546,MNring_sg2l2
1250520,INcommasc_sg2l 1250521
1258527,IN 1258528
1259584,Glia pigmented 1259585
1261995,INheadPDF_l 1261996
1263275,IN 1263276
1264486,SNnuchNS_r1
1264498,INdecussn2_l 1264499
1265745,IN 1265746
1265951,INR1_l1
1270523,SN_HSG3_6r; sensory64;SN
1271721,INDLSO_l
1271737,IN_l 1271738
1271778,SNblunt_r
1271860,IN 1271861
1271884,IN 1271885
1271920,IN 1271921
1271928,SN 1271929
1272016,flat glia 1272017
1272459,INW_r1
1272523,INr 1272524
1272534,INhead_l 1272535
1272664,hCR3r
1272719,hCR3l
1272870,INipsiasc_sg0l 1272871
1272941,antCR4l
1272952,IN 1272953
1273022,SNlasso_r 1273023
1273131,INlasso_postSN_r1
1273155,SN_DLSO3_PDFl
1273359,INlasso_l3
1273470,IN 1273471
1273521,IN 1273522
1273539,INhead_l 1273540
1273554,INhead_l 1273555
1273563,INhead_l 1273564
1273570,SNant 1273571
1273949,IN 1273950
1274024,pygidial_pigment_cell 1274025
1274031,ventralpygPB1r
1274053,VentralpygCRunp
1274302,ventralpostParaPUc2_sg2l1
1274440,INipsiasc_sg3l 1274440
1274485,IN 1274486
1274603,INcomm-Upstairs_pygr4
1274623,ECl_pygl rad glia  1274624
1274799,Ser-tr1r
1274820,INsplit_sg2l 1274821
1275010,MUSchae_neuAVt_sg3l_1
1275026,VentralpygCR1l
1275053,VentralpygCR1r
1275135,SNPDF_pygr
1275230,INsplit_sg3l 1275230
1275243,INipsiasc_sg3l 1275244
1275343,VNC neuron 1275344
1275357,ventralpygPB1l
1275367,INcomm-Upstairs_pygl2
1275444,IN 1275445
1275591,INr 1275592
1275595,INasym_r
1275768,IN r 1275769
1275801,INsplit_sg2l 1275802
1275812,VNCimmature_l neuron 1275813
1275823,ventralCirrusPB1_pygr
1275865,SN_DSO6
1275880,SN_DSO11
1275907,SN_DSO8
1275916,INhead_l 1275917
1276040,INfoot_l2
1276147,INhead_l 1276148
1276376,MUSlong_V_sg2l_5
1276385,SNnuch_l5 
1276462,SN 1070398
1276485,IN 1276486
1276652,INZ_l2
1276717,IN 1276718
1276781,ECl_head_pnb 1276782
1276831,MUSlong_V_sg1l_3
1276909,SNhookr
1276971,dorsalParaPB2_sg2l
1276992,dorsalTeloPB1l
1277115,MUSlong_V_sg1l_2
1277150,MUSlong_V_sg0l_3
1277759,cioMNcover_l2
1277851,SNFVa-sg3r1
1277932,CiomRaphe_n3_sg1l
1278006,hPBc1l
1278038,SNFVa-sg3l1
1278051,hPU1l
1278185,pygCirrusPU4r
1278418,INipsiasc_sg3r 1278419
1278565,sensory67;SN
1278598,pygCirrusPBcl4
1278611,covercell6clock_post
1278649,vacuolar_cell_head1
1278688,VentralpygCR2l
1278697,VentralpygCR3l
1278748,ECl_pyg 1278749
1278774,INcomm-Upstairs_pygl_immature
1278903,pygCirrusCR1l
1278947,INsplit_sg3l 1278948
1278959,INcomm-Downarc_sg2r1
1279078,MNdecus-branch_sg3l
1279252,INsplit_sg3l 1279253
1279508,pygCirrusPUc3r_SC pygidium 1279509
1279518,pygCirrusPBc1r
1279525,pygCirrusMSPUc2r pygidium 1279526
1279543,pygCirrusPUc1r_Hair_cell pygidium 1279544
1279563,pygCirrusCR2r
1279584,MUStrans_pygr_4
1279612,MUSob-post_neuV_sg3r_2
1280027,Loop-r
1280134,SNFVa-sg2l1
1280329,INipsiasc_sg1r 1280330
1280537,INhead_r 1280538
1280573,IN 1280574
1280930,MNperif_sg2l 1280931
1281060,dsoCR3r
1281169,hPBc1r
1281242,SNant_r 1281242
1281333,dsoCR4r
1281424,INcomm-Upstairs_pygl3
1281433,INcommasc_sg3l 1281433
1281473,INcommasc_sg2r 1281474
1281886,SN_NS17l
1281939,SNlasso_l 1281940
1281988,INhead_l 1321570
1282428,SN_LHSO2_1l
1282477,INhead_l
1282582,INcross_r3
1282806,Glia pigmented 1282807
1282812,SNbicil_sg1r 1638664
1282965,antCR1r
1282984,covercell7clock_post
1282992,covercell4clock_post
1282998,covercell2clock_post
1283038,SN 1283039
1283053,hPU1r
1283875,IN 1283876
1284425,INcommasc_sg2r 1284426
1284610,INhook_r
1284704,SN_NS17r
1284780,SN_LHSO2_3l
1285069,MNant_r 
1285075,INpear_l1
1285092,ECl_head 1285093
1285140,IN 1285141
1285145,IN 1285146
1285267,IN 1285268
1285301,IN 1285302
1285306,INhead_r 1285307
1285310,INpreMN2r
1285327,IN 1285328
1285367,SN_NS15r
1285393,INpreSer_r
1285696,SN_DLSO1.2_4rPDF-dcr3
1285768,SN_NS1r
1285842,SN ventral head r 1285843
1285875,INpro_r6
1285969,SNhead_centr_2
1286364,flat glia 606591
1286389,supportcell 1286390
1286402,INcomm_sg1r 1286403
1286825,INsnl_r
1287162,pygCirrusCR2l
1287439,IN head
1287449,INPDF-lcr2
1292186,SN_NS29l
1292228,SNasym_l
1292334,ventralCirrusPB1_sg2l
1292352,INcommdesc_sg1l 1292353
1292427,INRGWa-dcl2
1292458,IN_NOSvl
1292932,INRGWa-dcr2
1292947,INpro_r7
1293005,INdescLuqinPDF_r
1293015,IN straight 1293016
1293381,IN 1293382
1293404,SN 1293405
1293484,MNbiramous_sg3r1
1293518,INPDF-lcr1
1293815,INcomm_sg2r 1293816
1293921,flat glia 1293922
1294206,IN 1294207
1294400,SN_DLSO1.3_1r
1294413,SN_DLSO1.3_2r
1294947,akrotroch_r4
1294966,covercell5clock
1294978,covercell7clock_ant
1294986,Ser-tr1l
1295044,MVGland_l3
1295161,IN 1295162
1295231,INcommdesc_sg2r 1295232
1295406,IN-biaxonal_ipsi_l_VNC 1295407
1295517,MNbiramous_sg1l1
1295823,MNVNC 1295824
1295953,INcommascATO_sg2l
1296676,MNVNC_sg1 1296677
1296875,VNCcomm_sg1r 1296876
1296919,INVNC_sg1r 1296920
1297489,MNhose_sg1r1
1297501,INipsidesc_sg1l 1297502
1297975,MNring_sg3l4
1298294,ventralpostParaPUc1_sg2r
1298374,INipsi-bifu_l_ATO left 1298375
1298402,paratroch_II_dl_1
1298426,Loop-l
1298484,INcommascATO_sg3l2
1298552,dsoPUc1unp
1298844,SNmus_l
1298856,IN 1298857
1298898,INfoot_l1
1299051,IN 1299052
1299058,IN 1299059
1299267,SNhorn_l 
1299490,INbush 1299491
1299586,INmidL_r2
1299667,INhead_l 1299668
1299789,paratroch_II_vr_2
1300035,INhead_l 1300036
1300344,IN 1300345
1300731,SNantlerPDF_l
1301108,MN MIP?? 1301109
1301261,flat glia 1301262
1301268,INpreSer_l
1301396,ventralParaPU1_sg2l; SN
1301967,IN 1301968
1302031,INpro_l4
1302082,INcross_l4
1302189,cMNATO
1302247,INbiaxH_sg2l2
1302266,INdescRGWa_r
1302289,pnb 1302290
1302345,IN 1302346-RGWa-post2
1302513,SN 1302514
1302663,SN 1302664
1303054,covercell2clock_ant
1303153,IN 1303154
1303297,INhead_l 1303297
1303655,INhead 1303656
1303909,INlasso_l1
1304469,INpear_r1
1304524,glia? 1304525
1304654,INbiaxH_sg1l
1304775,INlasso_r3
1304924,INsplitPB_ATO_sg2r1
1304968,INpreMN1r
1304979,INhead_r 1304980
1304990,INsplitPBant_sg1r
1305461,INipsidesc_sg1l 1305462
1305492,MNsmile_sg1l1
1305770,flat glia MC3cover 1416870
1305955,MUSac_neuDach_sg1l_1
1306016,SNnuch_r7; fork
1306131,SNnuch_r6  
1306147,SNnuch_r3
1306155,SNnuch_r9
1306246,flat glia 1306247
1306268,SNnuch_r10
1306315,metatroch_vl_3
1306349,interparaPM1_sg1r
1306490,IN 1306491
1306584,INarc2l
1306608,INcosplit_sg2l 1306608
1306859,INcommdesc_sg1r 1306860
1306906,IN r 1306907
1307040,MNperif_sg1r 1307041
1307230,interparaPUc1_sg1r
1307247,interparaPU1_sg1r
1307459,n2-postsyn 1307460
1307524,MNbow_sg2r1; proenk
1307663,INbigloop_r1
1307745,INdecuss_l 1307746
1308022,INcommdesc_sg1l1 1308022
1308347,INsplit_sg1l 1308348
1308387,EC_V_sg0rr 1308388
1308413,INsplitCR_sg1l4 
1308592,SNnuch_r11
1308618,MNring_sg1l1
1308877,INipsiasc_sg1l 1308878
1309032,INipsidesc_sg1l 1309033
1309222,SNnuch_r4 
1309228,SNnuch_r12 
1310016,SN 1310017
1310144,INVNC_sg1l 1310144
1310363,INsplitCR_sg1r1
1311006,INW_l3
1311483,INZ_r2
1311558,SN ventral head 1311559
1311597,SN r 1311598
1311697,INhead_r 1311698
1311712,SN_HSG3_4r
1311787,INcomm_sg1r 1311788
1311897,INDLSO_r
1312181,SN_DSO9
1312187,dsoPU1unp
1312224,IN 1312225
1312289,INasc_pygr1
1312363,INcommdescFVa_sg2l
1312390,INsplit_sg3l
1312505,MNsmile_sg1r1
1312558,flat glia GliaCR_sg1l1
1312586,INcommasc_sg1r 1312587
1312647,VentraltrunkPUunp-Glialike_sg2
1312678,INCM_sg1l1
1312731,chaeMech_sg1l2
1312929,IN 1312930
1313053,INipsiasc_sg2r 1313054
1313126,INcomm-Upstairs_FVa_PDF_pygl1
1313186,INcommasc_sg2l 1313187
1313602,INcommATO_sg1r
1313607,INcosplitATO_sg1l1
1314140,INcosplit_sg2r 1314140
1314425,INhook_l
1314620,MUSlong_V_sg2l_2
1314734,INlasso_r1
1314929,INcomm_sg3l4
1315028,MUSac_notA_sg3r_1
1315203,SN_DLSO1.4_1r
1315271,SN_DLSOr 1315272
1316038,IN 1316039
1316070,SN_DSO15
1316107,SN lateral head r 1316108
1316130,IN 1316131
1316332,IN 1316333
1316424,SN lateral head r 1316425
1316451,SN lateral head l 1316452
1316531,INhead_l 1316532
1316572,INbigloop_l2
1316939,SN_DLSO1.3r 1316940
1317111,IN_NOSdl
1317295,SNl 1317296
1317306,SNl 1317307
1317358,SN_HSG3_4l
1317375,INhead_l 1317376
1317564,dsoPU3unp
1317660,SN_DLSOr 1317661
1317942,INcross_l2
1318236,INdecuss_l 1318237
1318311,SN 1318312
1318325,SN 1318326
1318423,SN_DLSOr3
1318495,INdecuss_l 1318496
1318555,SNocc1l
1318602,INhead_l 1318603
1318919,antPUc3l
1318929,antPUc2l
1318938,antPUc4l
1318965,INhead 1318966
1318986,IN 1318987
1319057,IN 1319058
1319070,SNnuchBx_r
1319384,SNnuch_r18
1319649,SN_DLSOr1
1319657,SN_DLSO1.0_1r
1319704,IN 1319705
1319881,IN 1319882
1320159,IN 1320160
1320798,SN immature
1320921,INdesc_l 1320922
1320938,IN negativeUturn1320939
1321336,IN-ipsi-asc_ventralcb_r 1321337
1321475,INMC3_r
1321532,INdecuss_l 1321532
1321665,INpro_r4
1321672,INcross_r4
1321713,MNheadV_l1
1322276,SN 1322277
1322525,IN 1322526
1322586,IN 1322587
1322639,SN 1322640
1322645,SN 1322646
1323208,SN 1323209
1323310,SNpyg 1323311
1323338,SN 1323339
1323402,SN 1323403
1323621,MNob-ipsi_sg3r
1323687,pnb 1323688
1323773,INipsidesc_sg2l
1323828,IN 1323829
1323882,INcommasc_sg3r 1323883
1323988,EC_V_sg3r rad glia 1323989
1324060,IN 1324061
1324107,INsplit_sg3r 1324108
1324309,SNant 1324310
1324518,pygCirrusPBc12
1324546,antPUc6l
1324587,antPUc7l
1324600,pygCirrusCR3r
1325272,IN 1325273
1325454,IN 1325455
1325621,SNpalp 1325622
1325625,SNpalp 1325626
1325633,SNpalp 1325634
1325682,SN HC 1325683
1325700,SN HC 1325701
1325812,INr VLSO target1325813
1325843,SNr 1325844
1325883,SNr 1325884
1326008,IN 1326009
1326149,SNpalp 1326150
1326689,SN r 1326587 
1326921,SN 1326922
1327020,SNant 1327021
1327186,SN 1327187
1327607,SN_DLSO1.2_1r
1327767,SN_DLSO1.3_3r
1327935,CB_pigment 1327936
1328001,paratroch_III_vr_3; telotroch_vr_3
1328126,INsplit_sg1l 1328127
1328429,SNant 1328430
1328477,INdecus-desc_l 1328478sg1
1328483,INsplit_sg1l 1328484
1328673,INr 1328674
1328714,SN_DLSOr4
1328854,INR1_r1
1329166,INsplit_sg2l 1329167
1329204,SNimmature 1329205
1329247,IN 1329248
1329299,INsplitPUh_r2
1329398,SNant 1329399
1329666,SNant 1329667
1329884,IN-1329885
1329930,INcosplit_sg2l2
1329970,INcross_r2
1330168,SN 1330169
1330333,IN 1330334
1330509,SNmus_r
1330831,INlat2_r
1330878,IN 1330879
1331032,INlassoRGWa_r2
1331191,SNant 1331192
1331433,IN 1331434
1331507,SN_LHSO2_3r1
1331806,IN 1331807
1332248,INhead_r 1332248
1332260,INhead_r 1332261
1332314,INlat1_r
1332367,SN_LHSO2_3r2
1332389,INhead_r 1332390
1332516,SN_DSO1
1332688,SNhead_r 1332689
1332711,IN 1332712
1332791,IN 1332792
1333136,Spinning gland stalk cell; luqinpos 1333137
1333158,SNhorn_r
1333311,MNspinning_sg2r
1333316,spinGland_sg3l
1333389,IN 1333390
1333449,IN 1333450
1333515,spinGland_sg3r
1333529,MNspinning_sg2l
1333597,spinGland_sg2r
1333656,spinGland_sg2l
1333780,IN r 1333781
1333887,INcross_l3
1334138,IN 1334139
1334234,INmus_l
1334543,INhead_r 1334544
1335104,CB_pigment 1335105
1335430,IN 1335431
1335507,INSturn_r
1335597,SN 1335598
1335645,INhead_l 1335646
1335727,IN 1335728
1335777,pygCirrusPBc13
1335790,UnicilNonP_SNpost 1335791
1335832,SNpyg_l 1335833
1335845,SNpyg 1335846_putPU
1336299,spinPU1_sg2l
1336321,INUturn_r
1336580,ciliatedGland_l1
1336723,SNMIP-vcl
1337005,IN 1337006
1337238,INmidL_l2
1337258,INPDF-lcl1
1337294,INZ_l3
1337354,INhead_l 1337355
1337798,dorsalTeloPB1r
1337804,dorsalTelo_PUc1r
1338017,INbiaxDors_sg1l 1338018
1338468,INdecussfoot_l
1338735,ventraltrunkPB1_sg2r_PKD2-1+
1338884,INcosplit_sg2l 1338884
1338917,MNhose_sg1l1
1339008,MNcross_sg2l2
1339023,INcommdescFVa_sg2r
1339088,notopodPUc1_sg3l
1339180,INsplit_sg3l 1339153
1339377,INbackcross1_l
1339453,INipsidesc_sg1r 1339454
1339469,pnb 1339470
1339608,INdecusshook_l
1339663,MUSlong_D_sg0l_10
1339712,MUSlong_D_sg0l_11
1339741,MUStrans_sg1l_5
1339753,MUSob-ant_l-pp_sg1l_1
1340285,EC 1340286
1340303,pnb 1340304
1340398,INipsiasc_sg1r
1340501,INsplitPB_sg2r2
1340647,INhead_r 1340648
1340703,INr 1340704
1340805,INpro_l5
1340899,INipsiascFVa_sg3r2
1341140,INperiasc_sg3r 1341141
1341302,IN trunk 1341303
1341318,VNCneuron 1341319
1341740,MNakro_r
1342071,IN 1342072
1342141,INl 1342142
1342498,EC pigment 1342499
1342632,IN 854300
1342725,SNpygM_r
1342819,SNpalp 1342820
1342836,pigment_cell_AEr2
1342945,IN 1342946
1342970,SN 1342971
1342975,SNtrpa 1342976
1342991,nuchal_dr2; cc_dr_2
1343003,nuchal_dr3; cc_dr_3
1343040,MUSob-post_neuV_sg3l_3
1343057,devMUS
1343244,MNVNC_sg3r 1343036
1343346,IN 1343347
1343467,INdecusshook_r
1343962,IN 1343963
1344059,IN
1344084,IN 1344085
1344565,pygCirrusPU3r
1344599,pygCirrusPU5r
1345150,INl 1345151
1345237,INhead_r 1345238
1345260,IN 1371890
1345337,MNVNC_1A_sg2r
1345461,INdecussfoot_r
1345703,INlasso_postSN_l1
1345862,SNstiff_sg0l2
1345866,INipsiasc_sg1l 1345867
1345899,EC_D_sg3l back middle
1346138,INangle_l 1346139
1346179,IN 1346180
1346362,INhead_r 1346363
1346663,IN 1346664
1346759,dsoCR4l
1346858,IN 1346859
1347179,EC_V_pygl 1347180
1347222,pygidial_pigment_cell  1347223
1347263,pygCirrusPU7r
1347407,INsplitHairy_sg2l1
1347511,pygidial_pigment_cell 1347511
1347815,INcommasc_sg1l 1347816
1347891,IN weird 1347892
1348081,SNocc2r
1348199,INloop 1348200
1348484,MNcrab_sg2r1
1348569,MUSlong_D_sg0l_5
1348581,MUSlong_D_sg2l_6
1348615,ciliatedGland_r4
1348622,ciliatedGland_l3
1348649,ventraltrunkPB1_sg1l
1348661,ventraltrunkPU1_sg1l; SN
1348770,ventraltrunkPB1_sg1r
1348968,hCirrusCR2r
1349004,ventralTeloPB1r
1349009,ventralTeloPUc2r
1349023,spinPB1_sg3r
1349034,VentralpygCR3r
1349040,interparapodCR1_sg3l
1349051,spinPB1_sg3l
1349072,dorsalParaPB1_sg1l
1349077,dorsalParaPUc1_sg1l
1349113,hCirrusCR1r
1349386,pygCirrusPBc1l
1349434,SNpyg 1349435
1349820,INW_l2
1349857,INhead_l 1349858
1349942,interparaPM1_sg1l
1349949,interparapodCR1_sg1l
1350126,IN 1350127
1350197,IN 1350198
1350368,metatrochNPU1r; SN
1350394,VNC_sg1r 1350395
1350479,IN 1350480
1350839,spinPU2_sg2l
1351071,SNpyg 1351072
1351221,INbiaxonCR_sg1l  
1351280,INsplitCR_sg2l1 
1351307,INsplitCR_sg1l5
1351385,IN 1351386
1351518,IN 1351519
1351559,meso 1351560
1352396,MUSob-post_sg0l_1
1352604,MUSob-post_sg0l_2
1352910,pnb 1771413
1353303,INcomm_sg3r  
1353433,INipsiasc_dorsalcellbo_r_1353434sg1
1354209,INipsiasc_sg2l 1354210
1354390,INlasso_l2
1354406,INlat1_l
1354525,INhead_r 1354526
1354532,SNpyg 1354533
1354628,IN 1354629
1354681,INhead_l 1354682
1354776,INhead_r 1354777
1354874,IN 1354875
1354979,INsplitCR_PDF_sg1l2
1355081,MNmouth_sg2r
1355223,INipsiasc_Latcb_r 1355224
1355372,MNant_l
1355728,INcommasc_sg1l 1355728
1355911,SNr 1355912 
1356092,IN 1356093
1356178,INcommdesc_sg2l 1356178
1356253,INhorn_l
1356560,IN 1356561
1356793,MUSlong_D_sg2l_7
1356912,MUSlong_V_headr3
1356971,INdesc_r 1342039
1356982,ventraltrunkPU1_sg1r
1357166,INperiasc_sg1r 1357167
1357597,INcomm-Upcross_sg2r4
1357861,MUSlong_V_sg2r_2
1357867,MUSlong_V_sg1r_4
1358740,INZ_r3
1358976,MUSpr-vt
1359237,INUturn_l
1359694,INhead_r 1359695
1359787,IN_sg0l 1359788
1359971,INhead_r 1359972
1359987,IN 1359988
1360179,INmidL_l1
1360557,INhead 1360558
1360565,interparaPM1_sg2r
1360579,neuropodPUc1_sg1l
1360843,ventraltrunkPB1_sg3l_PKD2-1+
1360893,ventralParaPB1_sg2l
1360967,SN_immature_pyg
1361034,glia 1361035
1361146,ventralParaPU1_sg1r
1361174,ventralParaPU1_sg1l
1361208,ventralTeloPUc1r
1361224,ventralTeloPB1l
1361264,ventralpygPU1unp
1361317,INSturn_l
1361412,ventralTeloPB2l
1361468,ventralParaPU2_sg1l
1361481,ventralParaPB1_sg1l
1361489,ventralParaPU2_sg1r
1361497,ventralParaPB1_sg1r
1361575,IN 1361576
1361897,SN 1361898
1361951,IN 1361952
1362300,INcommasc_sg3l 1293982
1363312,IN 1363313
1363316,IN 1363317
1363796,chaeMech_sg1l1
1363909,InterparaGland_sg2l
1363985,IN 1363986
1364158,INsplitPB_sg3l1
1364226,MNpostacic_sg1r1
1364315,MNring_sg1r5
1364445,INsplitPBsg1l1
1364517,ventralCirrusPBc1_pygl
1364539,SNocc2l
1364769,dsoPU2unp
1364988,INVNC_sg2r 1364989
1365232,INsplitBronto_sg1l
1365661,INMC3_l
1366160,INipsiasc_pygr 1366161
1366261,EC_D_sg2r 1366262
1366275,pygCirrusCR1r
1366501,INsplitPB_sg2l5
1366510,INbiaxLeg_sg2l1  
1366839,MNVNC wave 1366840
1367230,pnb 1367231
1367387,hPU2l_asymPDF
1367741,INZ_l1
1367776,SNl 1367777
1367987,MUSlong_V_sg3r_4
1368008,MUSlong_V_headr2
1368019,MUSlong_V_sg3l_4
1368030,MUSlong_V_sg3l_5
1368040,MUSlong_D_sg0l_1
1368417,MUSlong_V_sg2l_10
1369462,INr 1369463
1370203,SN_sg3r 1370204
1370473,IN 1370474
1370693,INipsiasc_sg0r 1370694
1371619,INfoot_r2
1371847,INdecuss_r 1371848
1371922,INbackcross1_r
1372018,IN 1372019
1372056,SN_sg0l
1372330,SN 1372331
1372363,INipsiasc_sg3r 1372364
1372593,INr 1372594
1372597,immatureSNr 1372598
1372913,MNob-ipsi_sg2l
1373064,IN 1373065
1373224,VNCciliomotor_sg3r 1373225
1374124,SNpalp 1374125
1374369,SN_DSO7
1374462,SNl 1374463
1374480,SNbicilDhead_l
1374514,SNl 1374515 
1374631,SNl 1374632
1375370,IN 1375371
1376077,IN 1376078
1376350,INcommasc_sg1r 1376351
1376459,INcosplit_sg1r 1376460
1377175,ventralpostParaPUc1_sg1l
1377191,interparaPU1_sg1l
1377198,interparaPU1_sg2r
1377274,INh_l
1377483,MNcosplitN3r
1377662,ciliatedGland_l8
1377866,SN_LHSO2goldenrgolden_r
1378190,INipsidesc_sg1r 1378190
1378319,pnb 1378320
1378781,IN 1378782
1378941,MUSob-post_neuV_sg2r_1
1379511,INcosplit_sg2r 1379512
1379902,VNCneuron 1379903
1379998,INcomm_sg2l 1379999
1380067,INcomm_sg2r 1380068
1380118,INVNC_sg2 1380119
1380150,INcommdesc_sg1r 1380151
1380543,INipsiasc_sg3r 1172370
1380795,MUSob-ant_m-pp_sg3r_2
1380806,MUSob-ant_re_sg3r_7
1380817,MUSax_sg2r_1
1380835,MUSob-ant_m-pp_sg3r_1
1380843,MUSax_sg1r_4
1380855,MUSob-ant_re_sg3l_8
1380863,MUSax_sg2l_1
1380874,MUSax_sg3l_1
1380884,MUSax_sg3r_1
1380903,INstarFVa_sg3l 1380904
1381077,MUSob-post_notV_sg2r_2
1381112,MUSob-post_noty_sg2r_1
1381127,chaeMech_sg3l1
1381501,INipsidesc_sg2l 1381502
1381527,VNC_sg3r 1381528
1381575,INipsiasc_sg3r 1381576
1381662,MNche_sg2l2
1381820,IN 1381821
1381871,MUSob-ant_m-pp_sg3l_2
1381884,MUSac_neuDach_sg3l_1
1381896,MUSob-ant_m-pp_sg3l_1
1381906,MUSax_sg1l_4
1381916,MUSax_sg1l_3
1381926,MUSob-ant_m-pp_sg1l_1
1381937,MUSob-ant_re_sg1l_6
1381952,MUSob-post_notV_sg2r_1
1381985,MUSob-post_neuV_sg2r_3
1382194,INsplit_sg2l 1382195
1382545,MUSob-ant_trans_sg3l_1
1382622,MUSob-ant_m-pp_sg3l_3
1382729,MNacicX_sg2r
1382859,INcosplit_sg3l
1382871,INcosplit_sg2l 1382872
1382959,chaeMech_sg3r2
1382978,chaeMech_sg3r1
1383001,MNche_sg3r1
1383171,INbiaxLeg_sg2r1
1383209,VNC 1383210
1383418,MNspider-ant_sg3l1
1383587,INsplit_sg2r 1383588
1383600,INsplit_sg2r 1383601
1383699,INcommasc_sg3l 1383700
1383723,INVNC_sg3r 1383724
1383745,pnb 1383746
1383778,EC_V_sg3r rad glia 1383779
1383962,MNperif_sg3l 1383963
1383986,chaeMech_sg3l2
1384013,MNche_sg3l2
1384140,IN 1384141
1384593,INipsi-short_l 1384594
1385497,INdecus-short_r 1385498_sg3
1385530,EC_V_pygl 1385531
1385536,pygidial_pigment_cell  1385537
1385542,EC 1385543
1385968,INipsiasc_pygl 1385969
1386139,INcomm-DownL_sg2l1
1386177,SNPDF_pygl
1386275,INsplit_sg3r 1386276
1386336,INsplit_sg3l 1386337
1386539,ventralpostParaPUc1_sg2l
1386544,INcommDesc_sg3 1386545
1386659,INipsiasc_sg3l1 1386659
1386950,INcommdesc_sg3r 1386951
1387104,INasc_pygl1
1387208,support cell for mscle 1387209
1387435,MNhose_sg3r1
1387465,chaeMech_sg3l4
1387474,INsplitCR_sg1l3 
1387530,MNarm_sg3l1
1387597,flat glia 1387598
1387613,MNgland_head_r
1387674,IN 1387675
1387718,EC 1387719
1388085,support cell for mscle 1388086
1388614,spinPU2_sg3l
1388649,spinPB2_sg3l
1388660,spinPU3_sg3l
1388788,INipsiasc_sg3r 1388789
1388929,MUSlong_V_headr0
1389371,INipsiasc_sg3l 1389372
1390047,INsplitPB_sg3l3
1390541,INsplitVent_sg2l
1390740,spinPU2_sg3r
1390749,spinPB2_sg3r
1390849,INcommasc_sg3r 1390850
1391139,MUSlong_V_sg3l_7
1391222,MNhose_sg3l1
1391234,MNwave_sg3l1
1391500,INcomm_sg1l 1391501
1391561,INperiasc_sg1l 1391562
1391584,MNsmile_sg1l4
1391602,SN_l 1391603
1391745,MUSax_sg1l_2
1391754,MUSob-ant_m-pp_sg2l_1
1391991,INcommasc_sg1r 1391992
1392036,MUSob-post_notV_sg3r_2
1392050,MUSob-post_neuV_sg3r_3
1392132,MUSob-post_noty_sg3l_1
1392152,MUSob-post_notV_sg3l_1
1392171,MUSob-post_notV_sg3l_2
1392209,MUSob-post_neuV_sg3l_1
1392216,MUStrans_pygl_1
1392222,MUStrans_pygl_2
1392567,MUSob-post_neuV_sg3l_2
1392742,EC 1392743
1392754,MUSob-post_neuV_sg3l_5
1392926,MNVNC_sg3l 1443617
1392932,INsplit_sg2r 1392933
1392970,MNring_sg3l2
1393034,INcomm_sg3l 1393035
1393083,INcomm_sg3r 1393084
1393089,very unlikely glia_sg3r 1393090
1393284,MUSob-ant_re_sg3r_5
1393309,MUSchae_neuDac_sg3r_4
1393334,MUSchae_neuDac_sg3r_2
1393552,INcommasc_sg2r 1393553
1393787,INcommasc_sg3l 1393788
1393903,MUSlong_V_sg3r_1
1393942,INcomm-UpL_sg3l1
1393960,MUSob-ant_re_sg3r_6
1394281,dorsalParaPUc1_sg2l
1394395,EC_V_sg2l 1394396
1394518,MUSob-post_neuV_sg2l_7
1394792,spinPB3_sg2l
1394876,INpreMNob 1394877
1394905,MNspider-post_sg2l2
1394963,MNmouth_sg2l
1395094,INcommasc_sg3r 1395094
1395556,MNspider-ant_sg2l1
1395614,MUSob-ant_arc_sg2r_2
1395647,MNring_sg2l1
1395664,MUSlong_V_sg1r_2
1395670,MUSlong_V_sg1r_1
1395692,MUSlong_V_sg1r_3
1395717,MUSlong_V_sg1r_6
1395731,MUSlong_V_sg1r_7
1395840,INipsiasc_sg2l 1395840
1395919,INcomm_sg1l 1395920
1395980,MNsmile_sg1l3
1396068,INshort-asc_l_vnc_l_immature? 1396069
1396320,INcommasc_sg2r 1396320
1396335,MNsmile_sg1r2
1396374,INcommasc_sg1r 1396375 
1396596,MNring_sg3l3
1396714,MUSob-post_neuV_sg1l_2
1396739,MUSob-post_neuV_sg1l_5
1396754,INipsiasc_sg3l 1396755
1396762,MUSob-post_neuV_sg1l_4
1396790,INcommasc_sg3l 1396791
1396899,MUSob-post_noty_sg3r_1
1396918,MUSob-post_notV_sg3r_1
1397020,pnb 1397021
1397111,SN 1397112
1397285,INcommasc_sg3r 1397286
1397326,INcommasc_sg3r 1397327
1397340,IN VNC 1397341
1397346,INipsidesc_sg3l 1397347
1397352,INipsidesc_sg2l 1397353
1397627,INcomm_sg3l 1397628
1397639,INcommasc_sg3r 1397640
1397746,MUSob-ant_arc_sg2l_3
1397762,MUSob-ant_arc_sg2l_4
1397815,MUSac_notM_sg1l_2
1397887,INipsidesc_sg1l 1397888
1398573,INdesc_r 1398574
1398602,IN 1398603
1398637,MNVNC 1398638
1398649,MNwave_sg2l3
1398775,MUSac_neuDach_sg2l_1
1399394,MNwave_sg2l1
1399532,EC_V_sg2l_armpit 1399533
1399590,MNantacic_sg2r2
1399726,EC_D_sg2l 1399727
1399974,MUSob-ant_l-pp_sg2l_2
1400126,INcosplit_sg3r
1400382,INsplitCRATO_sg3r
1400535,INipsiasc_sg3r 1400536
1400756,INchaeMech_sg3l
1401122,INcommasc_sg3l 1401123
1401321,MN_oblique_sg3r2
1402559,SN_DLSO1.3_3l
1402729,SN 1402730
1402736,IN 1402737
1403034,MUSchae_neuDac_sg3r_1
1403048,MUSchae_neuDac_sg3r_3
1403093,MUSob-post_neuV_sg3r_1
1403114,MUSob-ant_re_sg3r_3
1403261,INipsidesc_sg1r 1403262
1403298,MUSob-ant_arc_sg3r_3
1403308,MUSob-ant_re_sg3r_4
1403336,MUSob-post_neuV_sg2r_2
1403448,INcosplit 1403449
1403656,MNwave_sg2l2
1404083,INsplit_sg3r 1404084
1404314,MUSob-post_sg0r_1
1404341,MUStrans_sg0r_5
1404358,MUSax_sg1r_2
1404375,MVGland_r1
1404382,MVGland_l1
1404388,MUSax_sg1r_3
1404400,MUSax_sg1r_1
1404405,MUSax_sg1l_1
1404567,INleucoPU_sg1l
1404985,INipsiasc_sg3r 1404986
1405233,MUSch_l_2
1405261,MUStrans_sg0l_1
1405294,MUSch_l_1
1405336,MUSlong_V_sg0l_2
1405399,INipsidesc_sg1r 1405400
1405726,INsplit_sg2l 1405727
1405840,INcosplit_sg2r 1405840
1406349,SN 1406350
1406825,INintl3
1407163,INcommdesc_sg1r 1407164
1407366,EC_V_sg2r rad glia 1407367
1407835,MN_oblique_sg3l3
1407854,INipsiasc_sg3r 1378972
1407883,INcomm_sg2l 1407884
1407937,MNVNC 1407938
1408038,INipsidesc_sg1r 1408039
1408570,MUStrans_pygr_1
1408589,supportcell 1408590
1408867,MNbiramous_sg3l1
1408946,ER_circumchaetal_sg3r_noto-1_3
1408956,MUSchae_notAac_sg3r_3
1409181,MUSlong_V_headr6
1409196,MUStrans_sg0r_4
1409275,EC_V_heald 1409276
1409346,INimmature_r 1409347
1409372,MNring_sg2r 8
1409561,INipsiasc_sg3l 1409562
1409579,INcomm_sg3l 1409580
1409659,INcomm-Upstairs_pygr_immature2
1409671,INcomm-Upstairs_pygr2
1409695,EC_V_pygr 1409696
1409843,EC 1409844
1410263,VNC_sg3r2
1410274,MNipsiasc_sg3r 1410275
1410290,MNVNC_ips_sg2r 1776778
1410390,MNVNC_sg2l 1442397
1410728,INsplit_sg1l 1410729
1410776,INcommasc_sg3r 1410777
1411126,INcommdesc_sg3r 1411127
1411136,IN 1411137
1411256,IN 1411257
1411577,SN_LHSO2_1r
1411593,SN_LHSO2_2r
1411609,INvc 1411610
1411627,SN_DLSOl3
1411715,SN_NS27r
1411967,vacuolar_cell_head2
1412298,pnb 1412299
1412560,INsplitCR_sg2r4 
1412575,interparapodCR1_sg1r
1412914,INcomm_sg3l1
1412968,IN 1412969
1413524,flat glia 1413525
1413805,INcommasc_sg2r 1413806
1413973,VNCneuron 1413974
1414213,MNacicX_sg3ll
1414339,INipsiasc_sg3l 1414340
1414358,MUSob-ant_arc_sg3l_2
1414384,MUSob-ant_arc_sg3l_1
1415266,MNVNC 1415267
1415344,MNche_sg3l1
1415385,MUSchae_neuAVo_sg3l_3
1415436,INsplit_sg3l 1415437
1415473,MNche_sg3l3
1415508,neuropodPUc1_sg1r; SN
1415528,chaeMech_sg1r1
1415537,SN 1415538
1415836,VNCneuron 1415837
1416066,vacuolar_cell_head3
1416162,MUSlong_D_sg0r_8
1416180,MUSlong_D_sg1r_8
1416198,MUSlong_D_sg2r_5
1416227,MUSlong_D_sg3r_2
1416299,MUSlong_D_sg1l_10
1416309,MUSlong_D_sg1l_8
1416388,MUSac_neuDach_sg2r_1
1416399,MUSob-ant_m-pp_sg2r_1
1416416,MUSob-ant_arc_sg1r_2
1416450,MUSob-ant_arc_sg1r_1
1416465,MUSob-post_noty_sg1r_1
1416476,MUSob-post_notV_sg1r_3
1416527,INcomm-Upstair_sg3l1
1416546,MUSac_notP_sg1r_1
1416569,MUSchae_notA_sg2r_1
1416649,INcommdesc_sg3r 1416650
1416695,MUSlong_V_headl4
1416768,flat glia MNcrab 1416769
1417265,INcomm_sg3l 1417266
1417276,INcommasc_sg3r 1417277
1417531,EC_V_sg2r rad glia 1417532
1417545,neuropodPUc1_sg2r
1417675,INVNC 1417676
1417810,SNbronto_r
1418872,SN_14l
1418928,SN_YF5cil
1419051,EC_V_sg3r 1419052
1419056,SN_NS27l
1419083,MUSob-ant_arc_sg3r_2
1419152,SN_NS4
1419394,VNC_sg3l 1419395
1419586,EC_V_heald 1419587
1419639,INipsidesc_sg1l 1419640
1419666,MNdesc_sg1 1419667
1419787,SN 1419788
1420085,INcommasc_sg3l 1420086
1420237,INsplitCR_sg2r1 
1420278,IN 1420279
1420302,MNVNCax_sg3l 1420303
1420342,MUSob-ant_arc_sg3l_3
1420356,MUSob-ant_re_sg3l_2
1420398,MUSlong_V_headr5
1420415,MNsmile_sg1l2
1420440,MUSlong_V_sg3l_1
1420457,MUSac_notA_sg3l_1
1420472,MUSlong_D_sg3l_4
1420496,MUSlong_D_sg2l_4
1420504,MUSlong_D_sg2l_5
1420510,MUSlong_D_sg3l_3
1420523,MUSlong_D_sg2l_3
1420530,MUSlong_D_sg2r_3
1420539,MUSlong_D_sg2r_6
1420612,MUSlong_V_sg2r_4
1421064,INsplitPB_sg3r2
1421448,MUSob-post_notV_sg1l_3
1421503,INcommdesc_sg3r 1421504
1421566,MNVNC 1385476
1421680,MNVNC 1421681
1421687,MUSob-ant_arc_sg3r_1
1421700,EC_V_sg3r 1421701
1421731,IN 1421732
1421758,pnb 1421759
1421839,MNspider-post_sg3l2
1421893,INcommasc_sg2l 1421894
1422853,INsplit_sg3l 1422854
1422884,INcommasc_sg3l 1422885
1423090,IN 1423091
1423131,INsplit_sg3r 1423132
1423327,MUSlong_D_sg3r_3
1423994,EClm_sg3 1423995
1424455,VNCneuron 1424456
1424524,INcommasc_sg2l 1424525
1424853,INipsidesc_sg3l 1424854
1425033,INcross_r1
1425297,pnb 1425298
1425347,spinPB3_sg3r
1425621,INsplit_sg3r 1425622
1426413,IN 1426414
1426565,INipsidesc_sg1r 1426566
1426630,VNC_r 1426631
1426711,pnb 1426712
1426732,INhead 1426733
1427287,VNCneuron 1427288
1427617,INcommdesc_sg2r 1427618
1427703,VNC_sg1r 1427703
1427708,EC_V_sg3r rad glia 1427709
1427985,MUSob-ant_re_sg3l_7
1428521,IN 1428522
1428697,pnb 1428698
1429160,IN 1429161
1430233,INhead_r 1430234
1430426,INproATO_r3
1430491,INipsidesc_sg3l 1430492
1431290,INipsi-Lshape-asc_l 1431291
1431384,VNCimmat_sg3l
1431397,VNCneuron 1431398
1432357,MNax_sg2r
1432915,INpreLadder_sg3l
1432984,pnb 1432985
1433052,EC_V_sg3r 1433053
1433269,VNCFMRF_sg2l 1433270
1433397,MNsmile_sg1l6
1433418,INdecuss_r 1013576
1433691,VNCneuron 1433692
1433751,VNCneuron 1433752
1434136,meso 1434137
1434209,IN 1434210
1434598,MNring_pygr1
1434934,pygCell 1434935
1434961,chaeMech_sg3r4
1435058,INipsidesc_sg3r 1435059
1435078,supportmscle 1435079
1435256,MN_oblique_sg3l2
1435271,MUSob-ant_l-pp_sg3r_1
1435324,MNVNC 1435325
1435418,MNantelope_sg3l
1435436,MUSob-ant_re_sg3l_3
1435458,MUSob-ant_re_sg3l_4
1435540,INcomm_sg1 1435541
1435591,MNVNC 1435592
1436108,MNche_sg2l1
1436266,MUStrans_sg2r_1
1436290,MNVNC 1436291
1436321,MUSob-ant_arc_sg2l_2
1436454,IN 1436455
1436493,INcosplit_sg2r 1436494
1436506,INcosplit_sg2l 1436507
1436570,INbiaxHmid_sg2l
1436707,MUSob-ant_l-pp_sg3l_1
1436736,MUStrans_sg3l_7
1436859,pnb 1436860
1436895,INVNC_sg3r 1436896
1437030,INsplitPB_sg3r1
1437617,INsplitPDF_sg1l 1475456
1437768,pygidial_pigment_cell  1437769
1438343,INcomm-Upstair_sg3r1; RF/RYa
1438682,INsplit_sg2l 1438683
1438734,INipsiasc_sg1r 1438735
1438972,EC 1438973
1439007,EC 1439008
1439104,pnb 1439105
1439414,IN 1439415
1439840,SN_DLSO1.1_2r
1440433,EC_V_pygl 1440434
1440653,INsplit_sg3l 1383185
1440717,pnb 1440718
1440756,IN 1440757
1440768,EC_V_sg3r rad glia 1440769
1440816,IN 1440817
1441050,INipsiasc_sg2l 1441051
1441073,INsplit_sg2r 1441074
1441373,INipsiasc_sg2r 1441374
1441389,INsplit_sg2r 1441390
1441527,MUSchae_neuVob_sg3r_1
1441614,INipsiasc_sg2r 1441615
1441660,MNVNC_sg3 1441661
1441731,MUSob-post_neuV_sg2r_6
1441775,MNob_sg3r 1441776
1441779,EC 1441780
1441826,CB_pigment_sg3 1441827
1441872,MUSlong_D_sg1r_11
1442134,INsplit_sg3l 1442135
1442426,VNCneuron immature 1442427
1442435,INcomm 1442436
1442492,SN 1442493
1442572,MN 1442573
1442970,SN_gland_sg3r
1443411,chaeMech_sg1r2
1443735,INipsiasc_sg3r 1443736
1443798,MUStrans_sg3l_8
1443883,EC 1443884
1443976,MUSob-ant_trans_sg3l_2
1444039,MUSob-post_notV_sg2l_1
1444070,MUSob-post_notV_sg2l_2
1444493,EC_D_sg0r 1444494
1444674,INsplit_sg2r 1444675
1444805,pnb 1444806
1445167,VNC_sg2r 1445168
1445460,VNCcomm_sg3l; pair of MNob-contra_sg3r1 ????
1446136,INipsi-branchy_l1446137
1446191,INipsiasc_sg2r 1446192
1446351,pnb 1446352
1446384,flat glia 1446385
1446515,INasc-r 1446516
1446561,INcommasc__sg2l
1446695,EC 1446696
1447037,MNacic_sg3l
1447180,MNspider_sg3l3_immature
1447877,INipsidesc_sg1l 1447878
1447992,INipsiasc_sg2r 1447993
1448011,VNC_sg3r 1422174 
1448244,IN 1448245
1448388,EC_D_heald 1448389
1448858,INipsiasc_sg2r 1448859
1448906,EC_chaetal_sac_sg3l_neuro_2
1449234,IN 1449235
1449339,INdecuss_r 1449340
1449610,SN_sg3r 1449611
1449903,INsplit_sg1r 1449904
1450345,MUSac_notP_sg3r_1
1450492,MUSac_neuDx_sg3r_2
1450597,IN 1450598
1450610,INcommasc_sg3r 1450610
1450796,INipsiasc_sg2r 1454390
1452159,INipsiasc_sg1r 1452160
1452348,glia 1452349
1452687,MNob_sg2r 1452688
1453008,IN 1453009
1453547,INsplit_sg1r 1453548
1453675,InterparaGland_sg3r
1453826,support cell 1453827
1454628,INipsiasc_sg2r 1454629
1454752,MUSob-post_neuV_sg2l_2
1454846,INhead_l 1454847
1454932,INsplit_sg2r 1454933
1455006,EC_pygCell_rv 1455007
1455178,INipsidesc_sg1l 1455179
1455247,support cell muscle 1455248
1455427,MUSob-post_neuV_sg2l_1
1455464,MUSob-post_notV_sg2l_3
1455507,MUSob-post_noty_sg2l_1
1455565,MUSob-post_neuDlong_sg2l_5
1456434,SN_HSG3_6l
1456639,INipsiasc_sg2l 1456639
1457434,INcommasc_sg1r 1457435
1457578,INsplit_sg2l 1457579
1457836,MNantelope_sg3r
1458092,INipsiasc_sg1r 1458093
1458234,ciliatedGland_r3
1459186,INcommasc_sg2l 1459187
1459397,INipsidesc_sg1l 1459398
1459514,MUSob-post_neuDprox_sg3l_1
1459796,pygidial_pigment_cell 1459797
1460009,INcomm-Upstairs_pygr1; INcomm-UpL_sg3r  
1460107,MUSob-post_neuV_sg2r_5
1460113,MNcommdesc_sg3l 1460114
1460631,INipsiasc_sg2r 1460632
1460772,MNring_sg2r2
1460810,MUSob-post_neuDprox_sg2l_1
1460905,MNVNC 1460906
1460910,MUSob-post_neuDprox_sg2l_2
1460921,VNCneuron 1460922
1461015,EC_D_sg2l 1461016
1461068,pnb 1461069
1461417,MUSob-post_neuV_sg2l_3
1461846,INcommasc_sg2r 1461847
1461953,MNring_sg2l4
1462145,MNVNC 1462146
1462225,INipsiasc_sg2l 1462226
1462261,paratroch_III_dl_3; telotroch_dl_3
1462290,INipsiasc_sg2l 1462291
1462664,EC_V_sg2r rad glia 1462665
1463046,EC_V_sg3r 1463047
1463843,MUSlong_D_sg2l_10
1463859,MUSlong_D_sg3l_6
1463866,MUSlong_D_sg3l_5
1464604,ventralParaPU1_sg2r
1465584,SN_DLSO2_1r
1465914,INpro_l6
1466405,INcomm_sg2r 1466406
1466424,MNring_sg2r3
1466608,SN 1466609
1468079,VNCneuron 1468080
1468265,MNVNC 1468266
1468500,INcosplit_sg2r 1468501
1468636,MNob-ipsi_sg2r
1469434,IN 1469435
1469561,INipsidesc_sg2r 1469562
1469592,VNCneuron 1469593
1469605,VNCneuron 1469606
1469615,INipsidesc_sg2r 1469616
1470406,SN 1470407
1470581,IN 1470591
1470654,INbigloop_l1
1471313,IN 1471314
1471324,IN 1273404
1471410,IN 1471411
1471450,INhead_l 1471451
1472419,IN 1472420
1472553,SN_DLSO1.3_1l
1472928,INcosplit_sg2l 1472929
1473074,INdc_r2
1473202,INsplitPBbiax_sg2r3
1473311,SN 1660629
1473394,EC_V_heard 1473395
1473904,SN 1473905
1474018,IN 1474019
1474100,MNVNC_sg3r  1044290
1474234,EC_V_sg3r rad glia 1474235
1474793,INhead_r 1474794
1476102,INcommasc_sg2l 1476103
1477119,MNpseu_sg2r
1477335,MUSob-ant_re_sg3l_5
1477378,INipsidesc_sg2r 1477379
1478193,MNcontra_sg2l1
1478389,EC_V_sg3l rad glia 1478390
1479391,pnb 1479392
1479580,INcosplit_sg2l 1479581
1480211,INcommdescATO_sg1r
1482489,pnb 1482490
1482547,INdecuss_l 1354049
1482574,SNFVa-sg2r1
1482990,INcomm_sg2r 1482991
1483005,EC_V_sg2r rad glia 1483006
1483032,INipsiasc_sg2r 1483033
1483099,INcommasc_sg2l 1483100
1483805,pnb 1483806
1484007,INcommascATO_sg3l1
1484753,MUSlong_D_sg3l_2
1484878,MUSlong_D_sg0l_2
1484968,MUSchae_neuVob_sg2l_3
1484986,MUSchae_neuVob_sg2l_1
1485047,MUSchae_neuAVo_sg2l_2
1485154,MUSlong_D_sg0l_3
1485960,MUSlong_D_sg2l_8
1485984,MUSlong_D_sg1l_11
1486039,MUSlong_D_sg1l_4
1486136,INcommdesc_sg2l 1486137
1486247,MNring_sg2r4
1486363,MNring_sg2r6
1486527,MUSob-post_neuDlong_sg3l_4
1486591,MUSac_notP_sg3l_2
1486628,MUSac_notM_sg3l_1
1486647,MUSac_notP_sg3l_1
1486712,MUSac_neuPD_sg3l_3
1486748,MUSchae_notAac_sg1l_2
1486784,MUSchae_notAac_sg1l_1
1486810,MUSchae_notAac_sg1l_4
1487196,INpreMNob_sg2l
1487501,IN 1487502
1488194,INsplitCR_sg2r2
1488284,INcomm-Upcross_sg2r3
1488411,MNring_sg1l3
1488795,INcommdesc_sg1l2 1488796
1489563,INproT2_l1
1489640,MNakro_l
1489841,INipsidesc_sg1r 1489842
1489889,INipsidesc_sg1r 1489890
1490551,INVNCdcv ipsiasc 1490552 
1490675,INcommasc_sg2l 1490676
1490863,MNVNC 1490864
1491577,INdesc_sg2r 1491578
1493426,INcosplitATO_sg1l2
1498370,INdesc_l 1498371
1498439,SNtrunk_sgl1 1582321
1499326,INsplit_sg1r 1499327
1499594,INipsidesc_sg1l 1499595
1500207,INcommasc_sg2l 1500208
1500956,pnb 1500957
1501795,MUSlong_D_sg1l_3
1501807,MUSlong_D_sg1l_2
1501849,MUSlong_D_sg0r_6
1501871,MUSlong_D_sg1r_9
1502044,MUSlong_D_sg1r_10
1504488,MUSac_notP_sg2r_2
1504505,MUSac_notP_sg2r_1
1504562,MUSac_notM_sg3r_1
1504587,MUSac_neuDach_sg3r_1
1507391,MUSac_notM_sg3r_2
1509404,INcomm_sg1r 1509405
1509512,INsplitSNFV_sg1r
1513502,VNCneuron 1513503
1514371,pnb 1514372
1514654,EC_V_sg2l rad glia 1514655
1514869,MNcommdesc_sg1r 1514870
1515109,EC_V_sg2l lateral tonofilaments 1515110
1516536,ventralTeloPUc1l
1517020,INdecus_l 1517021sg2
1520675,INipsiasc_sg2l 1520676
1520958,INsplit_sg2l 1520959
1521491,INipsiasc_sg3l 1521492
1521624,INdecus_l 1521625
1523134,VNC 1523135
1524203,VNC_sg3r 1524203
1525235,MNperif 1525236
1525257,MNspider-post_sg2r2
1525669,INcommascFV_sg2l2
1527987,MUSlong_V_headl9
1528623,IN_sg3 1528624
1528697,MNipsiasc_sg3r 1528698
1530009,INsplit_sg2r 1301718
1530471,MUSchae_notAre_sg3r_1
1532811,VNCneuron 1532812
1533719,MN 1533720
1533917,VNCneuron 1533918
1541032,MNarm_sg2l2
1541262,VNCneuron 1541263
1541658,UnicilNonP_SNpost 1175413
1544524,SN_DLSO2_2l
1544598,IN 1544599
1544834,MUSlong_V_sg1l_1
1545266,MUSchae_notAac_sg2r_4
1545285,MUSchae_notAre_sg2r_1
1545339,MUSob-ant_re_sg2r_5
1545349,INsplitCR_sg3l1
1545362,MUSob-ant_re_sg2r_3
1545549,MUSob-ant_re_sg2r_4
1545565,meso 1545566
1545578,MUSob-ant_re_sg2r_8
1545589,MUSchae_Are_sg2r_1
1545615,MUSlong_V_sg1r_5
1545643,MUSob-ant_m-pp_sg2r_2
1545668,MUSac_neuPD_sg1r_3
1545678,MUSac_notA_sg1r_2
1545686,MUSac_notA_sg1r_1
1545916,INcomm_sg2l 1545917
1546007,INipsiasc_sg2l 1279738
1546352,MUSlong_V_sg0l_4
1546380,MUSlong_V_sg0l_7
1546413,MUSob-post_notV_sg1r_2
1547023,EC_V_sg0l_muscle-attachment 1547024
1547424,MNVNC 1547425
1547886,MUSob-ant_l-pp_sg1r_1
1547921,MUSob-ant_arc_sg1l_1
1547950,MUSac_notP_sg1l_1
1548290,MUSchae_neuDac_sg1l_4
1549338,EC_V_sg0r 1549339
1549787,MNsmile_sg1l7
1551483,INbackcross2_r
1551660,EC_V_sg0l 1551661
1552918,VNC_sg2r 1552919
1554019,MNheadV_r2
1558917,covercell6clock_post2
1559735,SNdors_immature_sg1r
1559897,MUSac_notA_sg2r_2
1559917,MUSob-post_neuV_sg1r_3
1559953,MUSchae_neuDac_sg1r_4
1560009,MUSob-post_notV_sg1r_1
1560393,cMNdc; PDF
1560655,INdecuss_l 1560655
1560783,INcomm-Upcross_sg2r2
1562433,INbiaxH_sg1r
1562482,IN 1562483
1563606,EC_V_sg2r 1563607
1563802,IN 1563803
1564364,MUSac_neuDy_sg2r_1
1564703,CB_pigment 1564704
1564732,CB_pigment 1564733
1565599,IN 1565600
1566006,EC 1566007
1566712,EC 1566713
1566960,MNarm_sg2r1
1566972,MUSac_neuDx_sg2r_2
1567002,MUSac_neuDach_sg2r_2
1567054,MNcontra_sg2l2
1567189,MNbiramous_sg2r1
1567204,MUSchae_neuDac_sg2r_3
1567266,MUSchae_neuDac_sg2r_4
1567283,MUSchae_neuDac_sg2r_1
1567361,INipsi-bifushort_r 1567362
1567572,notopodPUc1_sg2r
1568469,MUStrans_sg1r_1
1568505,MUSll_sg0r_5
1568536,MUSob-ant_trans_sg1r_1
1568544,MUSob-ant_re_sg1r_5
1568555,MUSob-post_sg0r_2
1568562,MUSob-ant_re_sg1l_4
1568571,MUSob-ant_re_sg1l_5
1568596,MUSob-ant_re_sg1l_3
1568623,MUSob-ant_re_sg1r_2
1568781,MUSob-ant_re_sg1r_4
1568802,MUSob-ant_re_sg1l_2
1568821,MUSob-ant_arc_sg1l_2
1568912,MUSlong_V_headl3
1568990,MUSob-post_neuDprox_sg3l_2
1569080,MUSchae_notAac_sg3l_3
1569091,MUSchae_notAac_sg3l_2
1569102,MUSchae_notAac_sg3l_4
1569125,MUSchae_notAre_sg3l_1
1569660,INsplitBronto_sg1r; ATO
1570188,VNC 1570189
1570324,MUSob-post_neuDprox_sg1l_2
1570363,MUSob-post_notV_sg1l_2
1570688,MUSob-ant_re_sg1r_1
1570700,MUSob-post_noty_sg1l_1
1570711,MUSchae_neuDac_sg1l_5
1570729,MUSac_notP_sg1l_2
1570739,MUSac_notA_sg1l_1
1570773,MUSac_notA_sg2r_1
1570785,MUSchae_neuDac_sg3l_1
1570796,MUStrans_pygr_2
1570821,MUSob-post_neuDlong_sg3l_5
1570834,MUSchae_neuDac_sg3l_4
1570845,MUSob-ant_re_sg3l_1
1570885,MUSob-post_notV_sg3l_3
1570928,INcomm_sg2l 1570929
1571286,INsplitPUh_r1
1571934,INsplit_sg1r 1571935
1574311,MUSchae_neuDac_sg3l_3
1574394,MUSac_notP_sg3r_2
1574549,MUSac_neuDach_sg3r_2
1576054,MUSac_notA_sg3l_2
1576108,MUSchae_notA_sg3l_1
1576129,MUSchae_notAac_sg3l_1
1576392,VNCneuron_sg2l 1576393
1576450,MUSchae_neuVob_sg3l_2
1576621,MUSac_neuDx_sg3l_1
1576932,flat glia MNcrab 1416786
1578084,INhead_r 1578085
1578507,MNVNC_sg2r 1578508
1579204,MNantacic_sg2r1
1582275,INcommdesc_sg1l 1582276
1582964,INipsidesc_sg1r 1582965
1583047,MUStrans_sg3l_1
1583195,INbiax_sg1r1 1583195
1583898,MUStrans_sg0l_4
1584011,MUSob-post_neuV_sg2l_5
1584400,MUSob-ant_re_sg1r_3
1584667,MUSchae_neuVob_sg1r_1
1584762,MUSchae_neuDac_sg1r_3
1584845,MUSob-post_neuV_sg1r_5
1585014,MUSac_notP_sg1r_2
1585339,MUSchae_neuDac_sg1r_6
1585394,MUSchae_neuDac_sg1r_5
1585416,MNarm_sg1l2
1585542,MUSchae_notAac_sg1r_1
1585890,MUSac_notM_sg1r_1
1586199,MUSob-post_notD_sg1r_1
1586304,MUSob-post_notD_sg1r_2
1586381,MUSob-post_notD_sg1r_3
1586533,MUSchae_notDob_sg1r_3
1587020,MUSob-post_neuDprox_sg1r_3
1587509,MUStrans_sg2r_4
1587973,IN 1587974
1588112,IN 1588113
1588133,INperifsplit_sg1l 1592517
1588419,notopodPUc1_sg1l (deprecatedMNperif) 1588420
1589082,MUSlong_V_headl2
1589782,INVNC_sg1r 1589783
1589825,MUSchae_notD_sg2r_1
1590351,MUSlong_D_sg3r_7
1590476,MUSchae_notAac_sg3r_1
1590675,MUSchae_notAac_sg3r_4
1590954,MUSac_notA_sg3r_2
1591058,meso 1591059
1591154,MUSchae_notD_sg3r_1
1591471,SN 1591472
1592405,MUSob-post_i_sg1l_1
1592784,MUSac_notM_sg1r_2
1592834,MUStrans_sg1r_4
1592896,INcommdesc_sg2l 1592896
1592906,MUSchae_notAac_sg1r_4
1592945,MUSchae_notAac_sg1r_2
1593030,MUSac_neuDach_sg1r_1
1593058,MUSlong_V_sg0r_2
1593111,MUStrans_sg1l_3
1593328,VNCneuron 1593329
1594313,pygCirrusPU_SMr
1594643,MUSob_sg0_r
1594980,EC_V_sg2l 1594981
1595081,EC_V_sg2l 1595082
1595117,MUSob-post_neuDdist_sg2lc3
1595882,MUSll_sg0l_5
1597114,INcommasc_sg2r 1597115
1597419,MUSlong_V_sg3r_2
1597423,MUSlong_V_pygr
1598752,MNladder_sg1l
1598938,VNC neuron 1598939
1600133,INcomm_sg1r 1600134
1600760,INsplitPBsg1r2
1600828,INcosplit_sgr1
1600836,INcommdesc_sg1r 1600837
1601265,support cell 1601266
1601286,IN 1601287
1601839,MUSac_notM_sg2l_2
1602680,INcommasc_sg1r 1602681
1602700,INperiasc_sg1l
1603787,support cell mscle 1603788
1603827,INipsidesc_sg1r 1603828
1603906,MUStrans_sg1r_2
1603943,MUStrans_sg1r_3
1605150,pnb 1605151
1605349,MUSob-ant_arc_sg2r_3
1605372,MUSob-ant_arc_sg2r_4
1606117,MVGland_l2
1607302,SNtrunk_sg1l 1607303
1607377,ciliatedGland_r7
1607477,MUSchae_neuVob_sg2r_2
1608290,INsplitRYa_sg1l
1609129,INshort_lmmature_l 1609130
1609864,chaeMech_sg2r3
1611442,INipsidesc_sg2l 1611443
1611683,INsplitCR_sg2r3
1612233,INsplit_sg1r 1612234
1613646,INCM_sg1r1
1614287,nephridium_sg3l7
1616482,INshort 1616483
1616492,INsplit_sg2r 1616493
1616645,INlongCR-UpL_sg3r1
1617129,INbiaxH_sg2r
1617521,meso 1617522
1617669,MUSchae_neuDac_sg2r_2
1618091,INcomm-UpL_pygr_immature
1618144,EC_D_sg3r 1618145
1618565,EC_V_pygl 1618566
1620444,MUSchae_Are_sg3l_1
1620598,supportcell 1620599
1621549,MUSchae_neuAVt_sg3r_1
1621708,MUSchae_neuAVo_sg3r_2
1621757,MUSchae_neuVob_sg3r_2
1621852,MUSob-ant_l-pp_sg3r_2
1621926,MUStrans_sg3r_7
1621996,MUSob-ant_ml-pp_sg3r_1
1622033,MUSob-ant_ml-pp_sg3r_2
1622511,MUSob-ant_trans_sg3r_2
1622869,EC_V_pygl 1622870
1623138,MUSac_neuDx_sg3l_2
1623227,MUSac_neuDach_sg3l_2
1623277,MUSac_neuAV_sg3l_2
1623923,EC 1623924
1624567,INbiaxLeg_sg2l2
1625158,spinPB3_sg3l
1625586,MUSac_notP_sg2l_1
1625884,MUSac_notP_sg2l_2
1626051,MUSac_notA_sg2l_1
1626309,MUStrans_sg2l_2
1626390,INcosplit_sg2r1 1626390
1626409,EC 1626410
1626582,MUSchae_notAac_sg1l_3
1626756,MUSob-post_notD_sg1l_1
1626831,MUSlong_D_sg1l_6
1626922,MUSchae_notA_sg1l_1
1627479,INhead_l 1627480
1627561,MUStrans_sg2l_6
1628235,MUSob-post_neuDdist_sg1lc1
1628605,MUSob-ant_re_sg2l_4
1628716,MUSob-ant_re_sg2l_5
1628748,MUSob-ant_re_sg2l_8
1629097,MUStrans_sg2l_4
1629613,MUSac_notM_sg2l_1
1629808,MUSob-ant_l-pp_sg2l_1
1629909,MUSob-ant_re_sg2l_1
1629968,MUSchae_Are_sg2l_1
1630022,MUSob-ant_re_sg2l_3
1630186,MUSac_neuAV_sg2l_1
1630952,pygidial_pigment_cell 1630953
1631093,EC_D_pygl 1631094
1631145,neuropodPUc1_sg3l
1631578,MUSchae_notAre_sg2l_1
1631592,EC_V_pygl rad glia 1631593
1631633,MUSchae_notA_sg2l_1
1631685,MUSob-ant_arc_sg2l_1
1631808,MUSob-ant_trans_sg2r_1
1631975,MUSob-ant_arc_sg2r_1
1632110,pygidial_pigment_cell 1632111
1632286,MUSob-ant_l-pp_sg2r_2
1632319,MUSob-ant_l-pp_sg2r_1
1632536,MUSchae_neuDac_sg2l_3
1632997,EC_V_pyr rad glia 1632998
1633251,MUSchae_notDob_sg2l_3
1633288,MUSob-post_notD_sg2l_3
1633323,EC_D_sg3l 1633324
1633532,MUSchae_notAac_sg2l_3
1633569,MUSchae_notAac_sg2l_4
1633890,MUSchae_notAac_sg2l_2
1633938,MUSchae_notAac_sg2l_1
1633963,MUSac_neuPD_sg2l_3
1633987,MUSac_neuPD_sg2l_1
1635279,INdecuss_l 1635280
1635416,IN 1635417
1635500,MUStrans_sg3l_3
1635512,MUSac_neuPV_sg3l_1
1635545,MUSac_neuPV_sg3l_2
1636803,hemichaetal_sg3r_noto-1_2
1639124,SNimmature_sg0l 1655416
1639181,IN 1639182
1639584,SN_DLSO2_necklace-r
1639675,SN 1639676
1643440,INimmature 1643441
1645026,INdecuss_r 1321500
1645747,INasc-l 1645748
1645789,INipsidesc_sg1l 1645790
1645907,MUSac_neuDx_sg2l_1
1645931,MUSac_neuDx_sg2l_2
1645973,MUSac_neuDy_sg2l_1
1646125,IN 1646126
1646209,INsplitPUh_l1
1646240,ciliatedGland_l5
1646257,MUSob-ant_re_sg2l_2
1646318,MUSac_neuDach_sg2l_2
1646402,MC4-ciomn-l
1646429,MUSchae_notDob_sg1l_3
1646603,devMUS 1646604
1646725,MUSob-post_notD_sg2l_2
1646847,MUSob-post_notD_sg2l_4
1647016,EC_D_sg2l 1647017
1647148,EC_V_sg2l 1647149
1647206,MUSac_neuAV_sg2l_3
1647512,MUSac_notA_sg2l_2
1647763,MUSac_neuAV_sg1l_1
1648349,MUSac_neuAV_sg3l_3
1648444,MUSac_neuAV_sg3l_1
1648927,MUSchae_neuDac_sg2l_2
1648958,MUSchae_neuDac_sg2l_5
1649265,MUSac_neuDach_sg2l_3
1649437,MUSac_neuPV_sg1l_2
1649555,MUSac_neuPV_sg1l_1
1650135,support cell 1650136
1650725,INipsiasc_sg1r 1650726
1651849,ciliatedGland_r12
1652177,INcomm-DownL_sg1r  
1652260,MUSob-ant_trans_sg1l_1
1652654,IN 1652655
1652811,INVNC 1652812
1653907,INsplitCR_sg2l3; leuco
1654454,MUStrans_sg3r_4
1654460,MUStrans_sg3r_3
1654515,MUStrans_sg3r_1
1654526,MUStrans_sg3r_2
1654629,INdecussPre_r
1655775,meso 1655776
1656212,INcomm_sg1r 1656213
1656440,INcommasc_sg1l 1656441
1656520,ciliatedGland_l11
1656524,ciliatedGland_l7
1658527,VNCneuron 1658528
1659941,pnb 1659942
1661189,MUSob-post_neuV_sg1r_4
1661238,MUSob-post_neuV_sg1l_3
1662183,EC_V_sg1r 1662184
1662465,MUSac_neuDach_sg1l_2
1663161,MNperifac_sg1r2
1663395,EC_D_sg1r 1663396
1663434,INperif 1663435
1663439,MNperifob_sg1r
1663484,EC_V_sg1r 1663485
1665129,MNperifche_sg1r
1667277,VNC_sg1r 1667278
1667872,supportcell 1667873
1667913,MNring_sg2r1
1669116,MUStrans_sg2l_5
1669421,MUSchae_notDn_sg1r_1
1669887,EC pigmented 1669888
1670429,paratroch_III_vl_1; telotroch_vl_1
1670599,MUSob-post_neuV_sg2l_4
1670927,MUSchae_Are_sg1r_1
1671147,MNche_sg1r
1671212,circumchaetal_sg1r_neuro-3_3
1671231,noER_circumchaetal_sg1r_neuro-1_4
1671351,MUSob-ant_ml-pp_sg3l_1
1673139,VNC_sg2l 1673140
1673505,MUStrans_sg2r_3
1673947,INipsidesc_sg1r 1673947
1674019,INcomm-Upcross_sg2r1
1674291,MNpostacic_sg1l1
1674499,INcomm_sg1l 1674500
1675551,MUSac_neuDach_sg1r_2
1675823,SNdors_sg1r
1675901,INcommdesc_sg1l 1675902
1677407,MNob-post_sg1r
1677775,MNperiph 1677776
1678542,MUStrans_sg2l_9
1678661,MNring_sg1r2
1678692,MNob-post_sg1l
1678918,INFVa_pygl1
1679615,MNring_sg1r1
1680741,ciliatedGland_r2
1680875,ciliatedGland_r8
1682794,INshort 1682795
1683821,INipsiasc_sg3l 1274482
1683885,INcommasc_sg2r 1683886
1684795,connective_tissue_cell 1684796
1684856,SN 1684857
1684965,MNarm_sg2l1
1685248,EC_V_sg2r 1685249
1685644,VNC_sg1r 1685645
1686030,EC_V_sg3r_armpit 1686031
1688455,flat glia GliaCR_sg1r1
1688689,hCR1r
1688755,MNipsidesc 1688756
1690116,dorsalParaPU2_sg2r
1690429,MNac_sg1r 1690430
1690667,ciliatedGland_l10
1691763,chaeMech_sg3l3
1691866,circumchaetal_sg3l_neuro-3_2
1692299,EC_circumchaetal_sg3l_neuro-5_5
1692450,circumchaetal_sg3l_noto-4_3
1693686,hemichaetal_sg1l_neuro-1_2
1694438,MUStrans_sg1r_5
1696456,INcomm-Upcross_sg2l2
1696562,INcosplit_sg3r 1696563
1697854,MNspider-post_sg3r2
1699713,ventralTeloPUc2l
1699767,INipsiasc_sg3l 1699768
1700043,MNacicular_sg3l 1700044
1700859,dorsalTeloPU2l
1700942,dorsalTeloPUc1l
1701849,INdecuss_r 1701850
1703468,MUStrans_sg2r_7
1704627,INR1_r2
1704860,INdecussPre_l
1705565,IN 1705566
1715298,EC_V_heard 1715299
1715427,ciliatedGland_l6
1717565,INlat2_l
1718172,meso 1718173
1721342,SN_LHSO2_2l
1725002,INcommdesc_sg1l 1725003
1725169,INsplit_sg2r 1725170
1725480,INsplitHairyCR_sg2r1
1725737,INcomm_sg1l 1725738
1726348,INsplitPUh_l2
1726596,INcommasc_sg2l 1726597
1726644,ventralSOMA-decusL 1726645_sg3
1727474,MNcrab_sg2l1
1728550,INbackcross3_l
1728563,MNche_sg2r
1728847,MUSlong_V_sg2l_6
1728870,MUSchae_neuAVt_sg2r_1
1729206,Glia pigmented 1729207
1729214,IN 354167
1729648,MNbow_sg2l1; proenk
1729830,MNVNC_sg3r 1729831
1730175,SNpyg 1354804
1730785,ventralParaPU2_sg2l
1730843,INcommdesc_sg3r 1730844
1730901,antCR2l
1731014,INcosplit_sg2r1 1731014
1731062,chaeMech_sg3r3
1731304,INsplitCR_sg1r3 
1731420,INdesc_r 1731420
1731718,INcommdesc_sg2r 1731719
1731953,INsplitVent_sg2r
1731962,MUSob-ant_trans_sg2r_2
1732095,INsplitCR_sg2l2 
1732111,MNr3
1732125,INbush 1732126
1732185,MUSob-post_neuV_sg2r_4
1732257,INcommasc_sg3l1 1732257
1732273,INcomm_centralcb_sg3r 1732274
1732295,INpreLadder_sg3r
1732300,INATO_pygr
1732307,flat glia 1286549
1732322,INcommasc_sg3l 1732322
1732338,INcomm-Upcross_sg2l1
1732349,interparaPM1_sg2l
1732420,INMIP_l 1732421
1732439,INhead_l 1303844
1732448,INarc1l
1732697,INsplitCR_sg0r1  
1736582,MUSob-ant_trans_sg3r_1
1736843,antCR5l
1736887,dsoCR1l
1737105,MS2
1739164,INipsiasc_sg2l 1739165
1739198,INcomm-DownL_sg1l
1739384,MNladder_sg1r
1741418,MNring_sg1l2
1741422,MNring_sg1l4
1741539,IN 1741540
1742500,INipsidesc_sg1l 1742501
1742612,INipsiasc_sg0r 1742613
1742908,EC_D_sg0l 1742909
1742992,EC_V_sg1l 1742993
1743238,EC_V_sg3l 1743239
1744166,IN 1744167
1744183,pnb 1744184
1744577,INhead_r 1330968
1750414,VNC neuron 1750415
1752235,MNwave_sg3r2
1753932,MNantelope_sg1r
1755080,MNVNC_sg2l 1755081
1755464,INcommasc_sg1r
1755683,VNC neuron 1755684
1756206,EC_D_sg2l 1756207
1756581,ventralParaPU2_sg2r
1757115,MNarm_sg2r2
1763522,MNacic_sg1r
1763749,MNchaet_sg3r3
1763759,MNche_sg3r2
1764464,ventraltrunkPB1_sg2l
1769485,SNimmature_sg0r 1769486
1770014,SNcir 1770015
1776476,MNring_sg2l3
1776504,MNring_sg2l5
1777190,SN 1777191
1778482,ventralpostParaPUc1_sg1r
1778488,pnb 1778489
1779518,MNob-contra_sg1l2
1782523,EC_V_sg1l 1782524
1783644,MNVNC_sg1r 1783645
1784327,circumacicular_sg3r_noto_1
1784341,circumacicular_sg3l_neuro_4
1784864,SN_HSG3_1l
1784973,IN 1784974
1785146,SN_DLSO2l 1639380
1788017,IN 1283775
1789261,INdecuss_r 1272025
1789424,IN 1343760
1791241,SNl 1374585
1792917,MNring_sg2r5
1793408,MNpostacic_sg1l2
1794992,INipsiasc_sg1r 1357013
1797181,INdescLuqinPDF_l
1797187,INdesc_l 1259647
1797698,MNob-contra_sg3r1
1797827,INipsidesc_sg2r 1797828
1797850,INipsiasc_sg1r 1797851
1805457,EC_V_sg3l rad glia 1805458
1813880,MNcomm_sg2r 1813881
1814382,VNCimmature 1814383
1815592,dorsalParaPU1_sg2r
1815732,MN 1815733
1816093,blanket 1816094
1816212,pnb sg0r 1816213
1817849,VNC_sg3l 1817850
1820335,EC_V_sg2r 1820336
1823451,EC_chaetal_sac_sg3r_neuro_1
1824208,MNpostv_sg2r
1824372,MNring_sg2l 7
1825348,INcommdesc_sg2r2
1825661,circumacicular_sg3r_noto_3
1825922,MNVNC  1825923
1827286,INipsiasc_sg1l 1827287
1827444,INipsiasc_sg1l 2001305
1828100,MNpostv_sg3l
1828171,devMUSac_sg3vl_neuro-postv3
1828978,INcommasc_sg2l 1828979
1829048,EC_V_sg2r red glia 1829049
1829164,INleucoPU_sg1r
1829214,INpreLadderATO_sg2r
1829356,INVNC_sg2r 1829357
1829398,INcomm_sg2l 1395576
1830524,INcommasc_sg1l 1830525
1830642,MNcool 1830643
1830716,circumchaetal_sg3r_neuro-5_2
1831679,MNhose_sg2l1
1832672,MNring_sg1r3
1833415,MNring_sg1r4
1834160,IN 1834161
1837125,ventralParaPB1_sg2r
1837982,chaeMech_sg2r1
1839508,INipsiasc_sg2r 1839509
1840169,IN 1840170
1840971,MNVNC 1840972
1841158,INipsiasc_sg2r 1841159
1841368,IN 1841369
1841402,INipsidesc_sg3r 1841403
1841743,INsplitPB_FVa_sg2l1
1842049,EC_V_sg0r 1842050
1842067,INdecuss_l 241833
1845175,IN 1845176
1845305,INperifasc_sg2r 1845306
1845563,INbiaxH_sg2l1
1845656,INVNC_sg2l 1845657
1845760,chaeMech_sg2r4
1845855,INipsiasc_sg3r 1172205
1845889,VNC_sg2r 1845890
1846187,INcommdesc_sg1l 1846188
1846855,INsplitPB_sg3r3
1846918,MN_oblique_sg3l1
1847252,SNstiff_sg0l1
1847330,EC_V_sg3l 1847331
1847342,EC_V_sg2l 1847343
1847405,pnb 1847406
1847754,neuropodPUc1_sg2l
1847818,neuropodPUc2_sg2l
1848249,MNVNC_sg2l 1848250
1848315,INperif_sg2l
1848592,ventralParaPB2_sg2l_PKD2-1+
1849185,ventralParaPU4_sg2l
1849210,VNCneuron 1849211
1849294,SNdors_sg1l
1849324,MNbiramous_sg2l1
1849623,chaeMech_sg2l2
1849863,interparaPU1_sg2l
1850079,INcommasc_sg2r 1850080
1850405,MN 1850406
1850475,VNC_sg2 1850476
1850496,chaeMech_sg2l3
1850681,INipsiasc_sg2r 1850682
1850777,MNantacic_sg1l
1852885,EC_V_sg1l 1852886
1854639,INUturn2
1854746,MNperifac_sg1r1
1855014,INcommasc_sg1l 1855014
1855339,INipsiasc_sg0r 1855340
1855915,INdecuss_l 1855915
1855933,INdecuss_l 1855933
1856971,INdecuss_l 1856972
1858709,SN_68r
1860656,INcommascFV_sg2l1
1860886,INW_l1
1916554,MUSchae_notDn_sg1l_1
1920885,MNipsiasc_sg2r 1920886
1923160,MNVNC_sg2rFVa
1923672,SNbronto_l
1928680,INdecuss_r 1928680
1928754,INdecuss_r 1928755
1928926,MNpseu_sg1r
1929587,INhead_r 1929588
1932988,INdescFMRF_l
1934818,INipsiasc_sg3r 1934818
1934958,VNCneuron 1934959
1937281,INcommdesc_sg2l 1937282
1939662,INcommascEnk_sg3l 1017681
1945618,circumacicular_sg2r_neuro_3
1947255,INcomm-Upcross_sg2l3
1947647,INsplit_sg3r 1947648
1948151,INcommasc_sg2r 1948152
1948723,VNC_sg2l 1948724
1949236,VNCneuron 1949237
1950241,SN_sg2l
1950381,pnb 1950382
1950393,INipsiasc_sg1l 1950394
1950485,INVNC_sg2l 1950486
1950602,MNpostacic_sg2r3
1951105,MNche_sg1l
1951760,circumacicular_sg2r_neuro_2
1952161,SN_gland_sg2l
1953050,MNantacic_sg2l
1956009,INcommasc_sg1r 1956010
1956332,MNhose_sg2r1
1957030,INipsidescATO_sg1l
1957108,INipsidesc_sg2r
1957212,INhead_l 1957213
1957230,INcosplit_sg2l 1957231
1957250,MNVNClong_sg2l 1957251
1957288,INdescFMRF_r
1957377,VNCneuron 1957378
1957714,INsplit_sg2l 1957715
1957722,INipsiascATO_sg1r
1957809,MNpostacic_sg2r2
1957859,INipsiasc_sg2l 1957860
1957973,VNCneuron 1957974
1959396,INcommascATO_sg2r1
1959421,INipsiasc_sg2l 1959422
1959492,SNant_r 1959493
1960512,VNCneuron 1960513
1963755,INchaeMech_sg3r
1968682,IN 1968683
1970719,ciliatedGland_r10
1970774,VNCneuron 1970775
1971227,MNVNCob_sg2r 1971228
1971259,MNob-ipsi_sg3l
1971433,INsplit_sg3l 1631437
1971452,INVNC 1971453
1971464,INcosplit_sg2r 1971465
1971650,MNring_sg2r7
1975364,interparaPUc1_sg2l
1975751,INdesc_r 1975752
1976063,INipsiasc_sg3r 1976064
1980137,VNCneuron 1980138
1982355,pnb 1982356
1987526,INipsiasc_sg2l 1417624
1987741,INheadr 1987742
1989451,EC_chaetal_sac_sg2l_neuro-1
1992051,noER_circumchaetal_sg3r_noto-1_4
1997612,pygidial_pigment_cell 1997613
1998558,INdesc_r 1998558
1999932,notopodPUc1_sg1r
1999956,VNC_sg1r 1999957
2000315,INcomm_sg2l 961640
2000806,INipsiasc_sg2r 2000807
2000850,INpreLadderATO_sg2l
2000895,VNC_sg3r 2000896
2000911,VNC_sg3l 2000912
2000955,INipsiasc_sg3l 2000956
2000978,IN 2000979
2001006,MNobFMRFa_sg2l
2001055,INdecuss_r 1796980
2001380,INipsiasc_sg2l 2001381
2007060,INhead_r 2007061
2007173,SNimmature_sg0r 2007174
2007344,MNgland_head_l
2007389,INcommdesc_sg1l 1449055
2007954,INcommascATO_sg2r2
2008327,chaeMech_sg2l4
2008355,MNob_sg2r 2008356
2008469,spinPU3_sg2l
2008544,MNpostacic_sg2r1
2008588,spinPB1_sg2l
2008640,chaeMech_sg2l1
2008663,spinPB2_sg2l
2009602,INcommasc_sg2r 2009603
2010225,INcommasc_sg2l 2010225
2010309,MNVNCob_sg2r 1971477
2010340,INipsidesc_sg2r 2010340
2010859,INcommasc_sg2r 2010860
2010915,INcosplit_sg2r 2010916
2010983,VNC_sg1r 2010984
2011670,VNC_sg1r 2011671
2011760,INVNC_sg2r 2011761
2012216,InterparaGland_sg2r
2013923,INcommascATO_sg1l
2014813,INcommasc_sg1l 1954576
2015119,hCR2l
2015193,dsoCR2l; PDF
2015233,hCR1l2
2015241,hCR1l1
2015432,INipsiasc_sg2l 1686417
2015571,INsplitCR_sg1l1
2015704,hCirrusPU1l
2015759,SN_sg0l 1732520
2015919,INasc_pygl2
2015926,INipsiasc_sg2l 1419967
2015966,INsplit_sg1l 2015949
2016268,VNC_sg2l 2016269
2016553,MNVNC_chaetal_sg2r 2016554
2016881,INcommasc_sg1r 921512
2016896,MNdesc_l 1325300
2016902,MNdecuss_r 1593703
2017535,INdecuss_r 2017536
2019137,INdescRFa_r
2028656,VNC_sg2l 2028657
2028720,MNpostv_sg2l
2029381,VNC 2029382
2185709,MNring_sg1r8
2233438,IN 2233439
2233700,INsplit 2233701
2242135,VNCrv_sg2 1685249
2242572,EC_V_sg1l 2242573
